id,text,label,source,reviewed,reviewer,note
X0001,我刚问了周导，他说买过东西的先上车挑座位，我看咱们还是拿一包茶吧。,购物安排,AI生成,未审核,,
X0002,老公，咱买个银镯子吧，你看那几个买了的，导游一路上跟他们讲得多细。,购物安排,AI生成,未审核,,边界例句
X0003,我是不想买，可你看导游那脸色，下午的讲解怕是要缩水，还是拿一盒茶算了。,购物安排,AI生成,未审核,,边界例句
X0004,上午的青黛玉石馆行程单上根本没有，去掉它，把洱海的时间还给我们。,购物安排,AI生成,未审核,,边界例句
X0005,明天上午十点左右从古城出来，顺路带大家去晓月银坊看师傅敲银壶。,购物安排,AI生成,未审核,,
X0006,想带普洱茶回去的朋友，可以留到雾林茶舍再挑，那边生茶熟茶都有。,购物安排,AI生成,未审核,,
X0007,鲜花饼我建议最后一天再买，放箱子最上面，免得路上压碎。,购物安排,AI生成,未审核,,
X0008,进了竹溪茶仓，店里会先泡一壶请大家尝，喝着顺口再说买不买。,购物安排,AI生成,未审核,,
X0009,生普放个三五年颜色会慢慢变深，挑的时候可以问一问是哪年压的。,购物安排,AI生成,未审核,,
X0010,翡翠挂件比手镯好挑，不用量圈口，拿回去送人也方便。,购物安排,AI生成,未审核,,
X0011,银器放久了要是发黑，拿软布擦一擦就亮了，店里一般会送擦银布。,购物安排,AI生成,未审核,,
X0012,回程路过暮山特产超市，估计三点二十前后到，要带特产的到时候下车。,购物安排,AI生成,未审核,,边界例句
X0013,到了店里先别急着掏钱，多看几个柜台，比一比成色再拿主意。,购物安排,AI生成,未审核,,
X0014,听松阁玉器行的柜台分得挺细，想看手镯的往里走，挂件在靠门那一排。,购物安排,AI生成,未审核,,
X0015,这一趟总共两个购物点，一个看茶叶，一个看银器，进不进去大家自己定。,购物安排,AI生成,未审核,,边界例句
X0016,买翡翠记得让店家开证书，证书上的编号要跟实物对得上。,购物安排,AI生成,未审核,,
X0017,雾林茶舍的老板人挺实在，大家想看哪款茶，直接跟她说就行。,购物安排,AI生成,未审核,,
X0018,鲜花饼是甜口的，旁边还有云腿饼是咸口的，大家可以各拿一盒尝尝。,购物安排,AI生成,未审核,,
X0019,酒店对面有条小街专卖银饰，晚上八点以后人少，想逛可以去转转。,购物安排,AI生成,未审核,,
X0020,后天安排的是青黛玉石馆，马导先说一句，看中了再买，看不中就当长见识。,购物安排,AI生成,未审核,,
X0021,想买普洱存着慢慢喝的，挑整饼；散茶开了封最好早点喝完。,购物安排,AI生成,未审核,,
X0022,杨导再提一句，百年茶语的茶在车上就能订，晚上七点前送到酒店。,购物安排,AI生成,未审核,,
X0023,翠微坊珠宝店那边款式偏年轻，喜欢绿色的去了可以多看两眼。,购物安排,AI生成,未审核,,
X0024,想给家里小朋友带礼物的，银坊里有小银镯、小铃铛，样子都挺可爱。,购物安排,AI生成,未审核,,
X0025,晓月银坊那站留给大家半个多小时，喜欢的慢慢挑，不想逛的在休息区坐坐。,购物安排,AI生成,未审核,,边界例句
X0026,特产超市的火腿可以让店员帮忙真空包装，路上不怕有味道。,购物安排,AI生成,未审核,,
X0027,看普洱一般看三样，干茶、汤色、叶底，到了茶舍我一样一样教大家。,购物安排,AI生成,未审核,,
X0028,赵导跟锦程玉器城那边打过招呼了，咱们团进去有专人讲翡翠怎么挑。,购物安排,AI生成,未审核,,
X0029,保质期这块大家留个心，鲜花饼放不了太久，少买几盒就够了。,购物安排,AI生成,未审核,,
X0030,今天的购物点就在石林出口旁边，走过去五分钟，不用再上车。,购物安排,AI生成,未审核,,边界例句
X0031,晓月银坊分前后两间，前面卖成品，后面能定做，想定做的先跟店员登记。,购物安排,AI生成,未审核,,
X0032,临湖酒店大堂就有卖鲜花饼的，开到晚上十点，大家回去再买也来得及。,购物安排,AI生成,未审核,,
X0033,买银手镯的朋友可以让师傅现场刻字，名字、日期都行，一般等二十分钟就能取。,购物安排,AI生成,未审核,,
X0034,何导这回不带大家进店，不过古城里有几家老茶铺，想买茶我给大家指个方向。,购物安排,AI生成,未审核,,边界例句
X0035,进店之前说一声，店里东西都是明码标价，看中了直接问店员就行。,购物安排,AI生成,未审核,,边界例句
X0036,出来一趟不容易，喜欢什么就带一点回去，也算留个念想。,购物安排,AI生成,未审核,,边界例句
X0037,人家专门给咱们团留了茶座，大家进去转一圈，就当捧个人场。,购物安排,AI生成,未审核,,边界例句
X0038,15:30那会儿车停晓月银坊，打算买银饰送人的，路上可以先想好买几件。,购物安排,AI生成,未审核,,
X0039,到了竹溪茶仓大家有40分钟，想买茶的可以先让店员把茶饼包好。,购物安排,AI生成,未审核,,
X0040,几位里边坐，先说说平时爱喝浓一点的还是淡一点的，我好给您挑茶。,购物安排,AI生成,未审核,,
X0041,您闻闻这香气，清清爽爽的，二零二四年春天压的生普就是这个味儿。,购物安排,AI生成,未审核,,
X0042,鲜花饼是今早现烤的，皮一碰就掉渣，您掰一块尝尝。,购物安排,AI生成,未审核,,
X0043,您手腕细，戴这只糯种的正合适，底子干净，看着秀气。,购物安排,AI生成,未审核,,
X0044,姐，您往这边看，这一排都是飘花挂件，绿色这么正的不多见。,购物安排,AI生成,未审核,,
X0045,我们的银壶都是师傅一锤一锤敲出来的，花纹没有两把是完全一样的。,购物安排,AI生成,未审核,,
X0046,开口的银手镯大小能调，回去觉得紧了轻轻掰一下就行。,购物安排,AI生成,未审核,,
X0047,这种小耳环一对一个盒子，分给同事一人一对，拿得出手。,购物安排,AI生成,未审核,,
X0048,大哥喝得惯生普吗？喝不惯我给您换一泡熟的试试。,购物安排,AI生成,未审核,,
X0049,包装纸上印着茶山和年份，拿去送人挺体面的。,购物安排,AI生成,未审核,,
X0050,证书就放在盒子里，您可以先拍个照留着，回去随时能查。,购物安排,AI生成,未审核,,
X0051,茶叶想寄回家的话，我们这边帮忙打包，您留个地址就行。,购物安排,AI生成,未审核,,
X0052,这几款是青黛玉石馆自己设计的样式，别的店里见不着。,购物安排,AI生成,未审核,,
X0053,您要是还没想好送谁，买个茶叶礼盒最稳妥，长辈朋友都合适。,购物安排,AI生成,未审核,,
X0054,阿姨，这对耳环分量轻，戴一整天耳朵也不累，您试一下？,购物安排,AI生成,未审核,,
X0055,火腿有整只的，也有切好的小包装，一包二百五十克，带着方便。,购物安排,AI生成,未审核,,
X0056,百年茶语的茶饼外面都有防伪贴，撕开了就没法复原。,购物安排,AI生成,未审核,,
X0057,几位随便看，喜欢哪件叫我一声，我从柜子里拿出来给您看。,购物安排,AI生成,未审核,,
X0058,您拿手电照一照，里面的纹路一清二楚，颜色都是天然的。,购物安排,AI生成,未审核,,
X0059,内侧打着999的印，足银的，您对着光看一下。,购物安排,AI生成,未审核,,
X0060,糯种摸着更温润，冰种看着更透，您喜欢哪种感觉？,购物安排,AI生成,未审核,,
X0061,买两盒鲜花饼的话，我给您换成礼盒装，送人好看。,购物安排,AI生成,未审核,,
X0062,姐，这条手串是翡翠边角料做的，价格亲民，买来自己戴挺好。,购物安排,AI生成,未审核,,边界例句
X0063,我们锦程玉器城二楼还有个展厅，大件摆件都在上面，可以上去看看。,购物安排,AI生成,未审核,,
X0064,茶刀是送的，我教您怎么撬茶饼，顺着边一点点撬，叶子不容易碎。,购物安排,AI生成,未审核,,
X0065,您先尝这块玫瑰的，再尝那块原味的，比一比哪个更合口味。,购物安排,AI生成,未审核,,
X0066,标准饼都是357克，我们这饼压得比较紧，适合放着慢慢喝。,购物安排,AI生成,未审核,,
X0067,这饼熟普从2019年放到现在，开汤就能闻到一点陈香。,购物安排,AI生成,未审核,,
X0068,雕如意的挂件寓意好，送长辈正合适。,购物安排,AI生成,未审核,,
X0069,要不您先上手比一比，镜子在这边，看看颜色衬不衬肤色。,购物安排,AI生成,未审核,,
X0070,几位是星野云途旅行社的客人吧？茶叶区在左手边，先喝杯茶再慢慢看。,购物安排,AI生成,未审核,,
X0071,各位好，我是这边的经理，今天刚到了七八款翡翠新货，大家先看不着急。,购物安排,AI生成,未审核,,
X0072,我们店的银饰都能先试戴，试好了再决定，大家不用有压力。,购物安排,AI生成,未审核,,
X0073,这几位是周导带来的客人，麻烦把那几只冰种的拿出来给大家看看。,购物安排,AI生成,未审核,,
X0074,晓月银坊做手工银器二十多年了，今天特地请师傅给大家演示敲花纹。,购物安排,AI生成,未审核,,
X0075,贵宾室里光线好，看翡翠的颜色更准，几位里边请。,购物安排,AI生成,未审核,,
X0076,今天店里到了一批新茶饼，几位要是感兴趣，我让茶艺师冲一泡给大家尝。,购物安排,AI生成,未审核,,
X0077,澄溪假日酒店一楼有家特产店，我跟店里说好了，住客买的东西可以送到房间。,购物安排,AI生成,未审核,,
X0078,货就摆在这儿，您拿起来摸摸看，喜欢再说，我们这边不催。,购物安排,AI生成,未审核,,
X0079,我把车停在暮山特产超市门口，五点前大家买完直接回车上就行。,购物安排,AI生成,未审核,,
X0080,我平常给家里带的就是这家的鲜花饼，味道确实还行。,购物安排,AI生成,未审核,,
X0081,不想进店的就在车上歇着，我车门不锁，随时可以回来。,购物安排,AI生成,未审核,,边界例句
X0082,晓月银坊门口不好停车，我在路边等，大家挑完了打我电话。,购物安排,AI生成,未审核,,
X0083,这条街卖火腿和菌干的铺子挺多，想带的趁停车下去挑一挑。,购物安排,AI生成,未审核,,
X0084,那个鲜花饼有没有不太甜的？我妈不爱吃太甜的。,购物安排,AI生成,未审核,,
X0085,周导，雾林茶舍有没有小罐装的茶？整饼太大了不好带。,购物安排,AI生成,未审核,,
X0086,我对翡翠没兴趣，等会儿能直接去茶叶那边吗？,购物安排,AI生成,未审核,,
X0087,这只镯子能再拿一只别的颜色的给我比一比吗？,购物安排,AI生成,未审核,,
X0088,我就买两盒鲜花饼带给同事，别的就不看了。,购物安排,AI生成,未审核,,
X0089,银壶好看是好看，就是太沉了，箱子装不下。,购物安排,AI生成,未审核,,
X0090,你说的冰种跟糯种，我实在看不出有啥区别。,购物安排,AI生成,未审核,,
X0091,进店可以，不过先说好，我只看不买。,购物安排,AI生成,未审核,,
X0092,这茶饼能撬开分装吗？我想分成四份送朋友。,购物安排,AI生成,未审核,,
X0093,马导，我想给我爸带个挂件，青黛玉石馆那边男款多不多？,购物安排,AI生成,未审核,,
X0094,红绳我戴着不太习惯，麻烦给这条手串换根黑的，行吗？,购物安排,AI生成,未审核,,
X0095,听你这么一说，我倒想去看看银手镯了。,购物安排,AI生成,未审核,,
X0096,这家店上回来我已经买过了，这次就在外面等吧。,购物安排,AI生成,未审核,,边界例句
X0097,这证书是哪儿出的？能把原件给我看看吗？,购物安排,AI生成,未审核,,
X0098,我们是出来玩的，买东西的事等回家前再说吧。,购物安排,AI生成,未审核,,
X0099,晓月银坊是不是能现场刻字的那家？我想给女儿刻个名字。,购物安排,AI生成,未审核,,
X0100,杨导，百年茶语这个牌子，外面的茶叶店里能买到吗？,购物安排,AI生成,未审核,,
X0101,这两个挂件我都挺喜欢，麻烦帮我分开装两个盒子。,购物安排,AI生成,未审核,,
X0102,你们先逛着，我去对面看看有没有卖鲜花饼的小店。,购物安排,AI生成,未审核,,
X0103,我买的那饼生普，回去怎么存放比较好？,购物安排,AI生成,未审核,,
X0104,玉我就不看了，银坊我去，逛完我就回车上等。,购物安排,AI生成,未审核,,
X0105,这镯子五十六的圈口有点紧，有没有五十八的？,购物安排,AI生成,未审核,,
X0106,这家的鲜花饼比昨天超市那家馅多，我再拿一盒。,购物安排,AI生成,未审核,,
X0107,买东西没问题，就是别一个店待太久，我们还想多拍点照片。,购物安排,AI生成,未审核,,边界例句
X0108,导游老说这家好那家好，我们自己逛逛不行吗？,购物安排,AI生成,未审核,,边界例句
X0109,我今天先不买，回去查查资料，真喜欢明天再来。,购物安排,AI生成,未审核,,
X0110,哇，这只镯子的绿色真好看。,购物安排,AI生成,未审核,,边界例句
X0111,玫瑰的给我拿2盒，原味的1盒，装一个袋子就行。,购物安排,AI生成,未审核,,
X0112,又要进店啊？上午不是刚去过一家茶舍吗？,购物安排,AI生成,未审核,,边界例句
X0113,收据和保证卡都有，上面盖的是晓月银坊的章。,购物安排,AI生成,未审核,,
X0114,我奶奶以前也有一对银镯子，走起路来叮当响。,购物安排,AI生成,未审核,,边界例句
X0115,环湖电瓶车不用另外排队买票，跟着我上车就行，坐稳扶好。,费用,AI生成,未审核,,边界例句
X0116,明天上午骑马是自费项目，一位两百块，想去的晚饭前找我报名。,费用,AI生成,未审核,,
X0117,周导，自费的那几项我们不参加，钱是不是就不用交了？,费用,AI生成,未审核,,
X0118,这罐普洱散茶标价一百二十八，跟团来的打八折，算您一百零二。,费用,AI生成,未审核,,
X0119,团费三千二百八都交了，合同写着含早餐，怎么早餐还单独收钱？,费用,AI生成,未审核,,
X0120,那晚澄溪假日酒店没升成套房，套房和标间差150元，我下班前退到您卡上。,费用,AI生成,未审核,,
X0121,退款到底按门市价退还是按团队价退，你得先给我们说清楚。,费用,AI生成,未审核,,
X0122,小费这个完全看个人心意，给不给都一样，我该怎么服务还怎么服务。,费用,AI生成,未审核,,边界例句
X0123,能开发票吗？我们单位要报销，抬头我等会儿发你手机上。,费用,AI生成,未审核,,
X0124,刷信用卡要加收3%的手续费，扫码付款就不用。,费用,AI生成,未审核,,
X0125,包车超了两个钟头，按一小时八十算，一共再补一百六。,费用,AI生成,未审核,,
X0126,团费才1380元，到了才知道索道和电瓶车都要另外交钱。,费用,AI生成,未审核,,
X0127,望湖索道成人一百二，学生凭学生证八十，买票前把证件准备好。,费用,AI生成,未审核,,
X0128,刘导，我们四个人坐环湖电瓶车，一共要交多少？,费用,AI生成,未审核,,
X0129,这次是我们拾光滇程安排不周，每位游客补偿两百元，一并写进退款单。,费用,AI生成,未审核,,
X0130,银手镯是按克卖的，今天一克十八块，加工费另收三十。,费用,AI生成,未审核,,
X0131,收据上写的四百六，你刚才嘴上说的是四百二，中间差了四十块。,费用,AI生成,未审核,,
X0132,云上花间前三排是贵宾座，每人二百八十八，后面的普通座一百六十八。,费用,AI生成,未审核,,
X0133,我母亲有老年证，她的门票能不能按半价退一部分？,费用,AI生成,未审核,,
X0134,有老年证的按优惠票算，差价六十块我晚上统一退现金。,费用,AI生成,未审核,,
X0135,定金交了五百，尾款还差多少，麻烦发个明细给我。,费用,AI生成,未审核,,
X0136,出发当天才退团的，合同上写着要扣团费的20%。,费用,AI生成,未审核,,
X0137,扣两成？那三千块的团费，等于六百块白白打水漂。,费用,AI生成,未审核,,
X0138,零头不要了，八百八收您八百整，这已经是最低价了。,费用,AI生成,未审核,,
X0139,提醒一下，酒店迷你吧里的饮料零食是收费的，退房时前台一起结。,费用,AI生成,未审核,,边界例句
X0140,过路费、停车费都包在车费里了，大家不用另外给我。,费用,AI生成,未审核,,边界例句
X0141,李导，单房差要补多少？我一个人来的，不想跟别人拼房。,费用,AI生成,未审核,,
X0142,单房差一晚120元，五晚600元，报名时没交的今天补上。,费用,AI生成,未审核,,
X0143,订单号DD-0000-5566，这笔退款显示处理中，已经一个星期了。,费用,AI生成,未审核,,
X0144,原路退回一般三到五个工作日，赶上节假日会再慢一点。,费用,AI生成,未审核,,
X0145,说好全额退，到账只有八百七，那三十块去哪了？,费用,AI生成,未审核,,
X0146,那三十是支付通道扣的手续费，由我们公司承担，回头给您补齐。,费用,AI生成,未审核,,
X0147,证书是免费送的，礼盒要的话另加二十块。,费用,AI生成,未审核,,
X0148,这只镯子一万二，能分期付吗？分期收不收利息？,费用,AI生成,未审核,,
X0149,环湖电瓶车团队价40元，比窗口便宜10元，要坐的现在交给我。,费用,AI生成,未审核,,
X0150,现金带得不够，我直接转账给你行吗？备注写什么？,费用,AI生成,未审核,,
X0151,转账备注写房间号加人数，我晚上好对账。,费用,AI生成,未审核,,
X0152,景区里一碗米线要三十八，这价钱也太离谱了。,费用,AI生成,未审核,,
X0153,团餐十人一桌，八菜一汤，费用都在团费里，想加菜的自己付。,费用,AI生成,未审核,,
X0154,汽锅鸡一份八十八，米饭不限量，不另外收钱。,费用,AI生成,未审核,,
X0155,这一单给您打95折，最后4.6元的零头也不收了。,费用,AI生成,未审核,,
X0156,导服费到底是一人一天多少？我想跟合同上的数对一下。,费用,AI生成,未审核,,
X0157,下午去茶园的门票二十块，这个不在团费里，得大家自己出。,费用,AI生成,未审核,,
X0158,这茶园门票我刚在网上查了，才十五一张，到你这儿怎么就二十了？,费用,AI生成,未审核,,
X0159,多的五块是代订费，嫌贵的话也可以自己去窗口排队买。,费用,AI生成,未审核,,
X0160,我们一家五口，带了两个小孩，儿童票怎么收？,费用,AI生成,未审核,,
X0161,身高一米二以下免票，一米二到一米四半价，再高就是全票了。,费用,AI生成,未审核,,边界例句
X0162,明早6:00送机算早班，每辆车要加收50元。,费用,AI生成,未审核,,
X0163,鲜花饼礼盒原价九十八，第二盒半价，两盒一共一百四十七。,费用,AI生成,未审核,,
X0164,1200元一饼的茶，回来一查，网上同款才卖300。,费用,AI生成,未审核,,边界例句
X0165,银碗还没拆封，小票也在，能不能把钱退给我？,费用,AI生成,未审核,,边界例句
X0166,七天内没拆封的都能退，钱原路退回您付款的账户。,费用,AI生成,未审核,,
X0167,这一路的自费加起来快两千了，出发前可没说有这么多。,费用,AI生成,未审核,,
X0168,自费项目的价目表出发前就发群里了，一共五项，每项都标了价。,费用,AI生成,未审核,,
X0169,那天肚子不舒服没去骑马，两百块是不是该退给我？,费用,AI生成,未审核,,
X0170,骑马的钱已经交给马场了，我去跟马场商量，尽量给你退。,费用,AI生成,未审核,,边界例句
X0171,什么叫尽量？没骑就是没骑，钱得一分不少退回来。,费用,AI生成,未审核,,边界例句
X0172,我们这边只能开旅游服务费的发票，金额按实际交的团费开，您看行不行。,费用,AI生成,未审核,,
X0173,普通发票当场就能开，专用发票得等三个工作日。,费用,AI生成,未审核,,
X0174,原来订的是飞机，现在改坐火车，两边的票价差得退给我们。,费用,AI生成,未审核,,边界例句
X0175,车上的矿泉水一人一天两瓶，都算在车费里，大家随便拿。,费用,AI生成,未审核,,边界例句
X0176,一袋十块，三袋二十五，多拿几袋划算。,费用,AI生成,未审核,,
X0177,买这么贵的东西，收款码怎么是个人的？得给个正规收据吧。,费用,AI生成,未审核,,
X0178,纯玩团比普通团贵了一千，贵的就是不进店那部分吧？,费用,AI生成,未审核,,边界例句
X0179,纯玩团价格高，是因为不安排购物，成本全算在团费里了。,费用,AI生成,未审核,,边界例句
X0180,云栖野渡的报价单上写着费用全含，怎么现在一项一项往上加？,费用,AI生成,未审核,,
X0181,报价单上的全含，指的是吃住行加首道门票，园中园门票不在里面。,费用,AI生成,未审核,,
X0182,景区维护费每人五十，这个旅行社已经替大家代缴了。,费用,AI生成,未审核,,
X0183,代缴的维护费有票据吗？拿给我们看一下，别重复收了。,费用,AI生成,未审核,,
X0184,合同编号HT-20260000-118，上面写着提前取消可以退定金。,费用,AI生成,未审核,,
X0185,晚上烧烤大家AA，算下来一个人大概六七十块。,费用,AI生成,未审核,,
X0186,酒店洗衣按件收，衬衫十五，外套三十，费用挂到房账上。,费用,AI生成,未审核,,
X0187,300元押金什么时候退？我退房都半个钟头了。,费用,AI生成,未审核,,
X0188,押金刷的是预授权，查完房就撤销，解冻要一到两天。,费用,AI生成,未审核,,
X0189,远山客栈让我们先垫付房费，回去再找旅行社报，这合理吗？,费用,AI生成,未审核,,
X0190,垫付的房费拍照留好凭证，回到昆明我当面给大家结清。,费用,AI生成,未审核,,
X0191,刚才那杯咖啡收了三十五，不是说饮品都免费吗？,费用,AI生成,未审核,,
X0192,演出的钱还没交的朋友，散团前记得补上，二百六一位。,费用,AI生成,未审核,,
X0193,你算错了吧，三个人一位一百五，应该是四百五，不是五百。,费用,AI生成,未审核,,
X0194,不好意思，是我按错了，多收的五十块这就退您。,费用,AI生成,未审核,,
X0195,给司机师傅的小费给多少合适？一人二三十够不够？,费用,AI生成,未审核,,
X0196,大家要是愿意，给师傅一人十块二十块意思一下，不给也没关系。,费用,AI生成,未审核,,边界例句
X0197,小费真不用，车费里有我的工钱，大家的心意我领了。,费用,AI生成,未审核,,边界例句
X0198,2680元的尾款昨天就转了，你们系统怎么还显示未付款？,费用,AI生成,未审核,,
X0199,查到了，财务还没入账，今天下午会更新成已付。,费用,AI生成,未审核,,
X0200,赵导，那块玉你在车上说一千八，店里标价是三千六，到底哪个准？,费用,AI生成,未审核,,边界例句
X0201,标价是给散客看的，赵导带来的客人我们一直按一千八结。,费用,AI生成,未审核,,
X0202,原价标那么高再打对折，这价格本身就没个准数。,费用,AI生成,未审核,,
X0203,退款单今晚填好交给我，明早我统一拍照发给公司财务。,费用,AI生成,未审核,,
X0204,每人填九十五，就是游船那一段没坐上的票钱。,费用,AI生成,未审核,,
X0205,票是我们自己要退的，那百分之五的手续费我们认，剩下的什么时候到账？,费用,AI生成,未审核,,
X0206,手续费按百分之五扣，一张票扣六块，剩下的明天上午原路退。,费用,AI生成,未审核,,
X0207,退款要是15:00之前提交，今天能到账吗？,费用,AI生成,未审核,,
X0208,会员价九百九，不是会员的当场办张卡就行，办卡不收钱。,费用,AI生成,未审核,,
X0209,自行车一天三十，电动车六十，押金一百，还车时原样退。,费用,AI生成,未审核,,
X0210,九千块的银壶，回来一称少了二十克，差的钱得退给我。,费用,AI生成,未审核,,边界例句
X0211,按一克二十八算，少二十克，退您五百六。,费用,AI生成,未审核,,
X0212,明天的温泉每人138元，含浴巾和一份水果，不泡的可以不交。,费用,AI生成,未审核,,
X0213,我们一家三口住一间房，补偿款是给三份还是给一份？,费用,AI生成,未审核,,
X0214,按人头算，大人100元，小孩50元，今晚之前转到各位账户。,费用,AI生成,未审核,,
X0215,报名时交的五百是订金，到时候抵团费的，不是额外收的。,费用,AI生成,未审核,,
X0216,团费里包不包保险？包的话把保单发我一份。,费用,AI生成,未审核,,
X0217,旅行社责任险是含的，个人意外险二十块一份，自愿购买。,费用,AI生成,未审核,,
X0218,船票150元一张，我付了600元，可手里只拿到3张票。,费用,AI生成,未审核,,
X0219,这种散茶半斤起称，四百一斤，您要半斤就是两百。,费用,AI生成,未审核,,
X0220,两百真卖不了，最低二百四，再低我就亏了。,费用,AI生成,未审核,,
X0221,车费说好一人八十，怎么下车变成一百了？,费用,AI生成,未审核,,
X0222,中途绕去古城多跑了十几公里，油钱和时间都多出来了，所以每人加二十。,费用,AI生成,未审核,,边界例句
X0223,喂海鸥的面包一袋多少钱？,费用,AI生成,未审核,,
X0224,两个人的团费一共七千三百六，能不能开在同一张发票上？,费用,AI生成,未审核,,
X0225,各位，洱海边今天风太大，骑行先取消，下午看天气再说要不要补。,行程变更,AI生成,未审核,,
X0226,周导，隧道封闭施工，得兜个大圈子，石林那边你最好先说一声，咱们晚到40分钟。,行程变更,AI生成,未审核,,
X0227,云上花间今晚的场次满了，给大家改到明天晚上八点那一场。,行程变更,AI生成,未审核,,
X0228,原来说好下午去双廊，怎么一下子变成明天上午了？,行程变更,AI生成,未审核,,
X0229,拉市海这几天水位低，划船暂停了，我们换成去束河古镇走一走。,行程变更,AI生成,未审核,,
X0230,各位，高铁晚点了一个多小时，今天下午的翠湖只能挪到明天早上。,行程变更,AI生成,未审核,,
X0231,玉龙雪山的票今天没抢到，我们先去白沙古镇，雪山改到后天上午。,行程变更,AI生成,未审核,,
X0232,杨导，滇池我们就不去了吧，下午直接回酒店歇着行不行？,行程变更,AI生成,未审核,,
X0233,午饭从一个钟头压到四十分钟，不然赶不上两点那趟船。,行程变更,AI生成,未审核,,
X0234,明早集合从七点半提前到七点，赶在人少的时候上山。,行程变更,AI生成,未审核,,边界例句
X0235,行程单上写的是丽江住两晚，现在只剩一晚，另一晚住哪儿？,行程变更,AI生成,未审核,,
X0236,环湖电瓶车今天停开，湖边那段只能自己走，时间我多给大家留半个钟头。,行程变更,AI生成,未审核,,
X0237,刘导，你们团的晚饭能不能往后挪半个小时？后厨今天忙不过来。,行程变更,AI生成,未审核,,
X0238,陈导，山路那边在清理落石，我看先去九乡，回头再去石林。,行程变更,AI生成,未审核,,
X0239,第四天的喜洲取消了，那天改成大理古城自由活动一整天。,行程变更,AI生成,未审核,,
X0240,晚一个钟头没关系，只要洱海别砍掉就行。,行程变更,AI生成,未审核,,
X0241,晚上的露天演出因为下雨挪进室内剧场，开场改成七点半。,行程变更,AI生成,未审核,,
X0242,今天得压缩一下，黑龙潭只停四十分钟，把时间留给蓝月谷。,行程变更,AI生成,未审核,,
X0243,临湖酒店那边水管在抢修，今晚先换到同档次的酒店，明晚再搬回去。,行程变更,AI生成,未审核,,
X0244,等一下，大理古城改成晚上逛？那白天我们干什么？,行程变更,AI生成,未审核,,
X0245,望湖索道排队要两个多小时，我们先去湖边，下午人少了再回来坐。,行程变更,AI生成,未审核,,
X0246,第二天跟第三天对调一下，先去丽江再回大理，总天数不变。,行程变更,AI生成,未审核,,
X0247,下回要调时间，提前一晚说，别早上上了车才通知。,行程变更,AI生成,未审核,,边界例句
X0248,石林里有一片在维护，大石林走完以后，小石林这段就不进去了。,行程变更,AI生成,未审核,,
X0249,赵导，加油站排长队，出发得晚个十五分钟，你跟客人说一声。,行程变更,AI生成,未审核,,
X0250,早上去机场的车改到8:45到酒店门口，比原来晚一刻钟。,行程变更,AI生成,未审核,,
X0251,双廊那边今天封路，我们把双廊和喜洲换个顺序，先去喜洲。,行程变更,AI生成,未审核,,
X0252,压缩成半天的话，抚仙湖岂不是刚到就得走？,行程变更,AI生成,未审核,,
X0253,茶园那边临时说今天不接待团队，下午这一站只好先空着，晚饭提前吃。,行程变更,AI生成,未审核,,
X0254,这次没订好车，责任在我们公司，后面两天的游览时间一分钟都不会少。,行程变更,AI生成,未审核,,边界例句
X0255,中午那家餐厅被包场了，吃饭得从12点推到1点。,行程变更,AI生成,未审核,,
X0256,刘导，滇池往后挪我没意见，晚上几点能回到临湖酒店？,行程变更,AI生成,未审核,,
X0257,下午三点四十那班船改成四点二十，码头说前一班人太多。,行程变更,AI生成,未审核,,
X0258,白沙古镇提前到中午去，晚上整段时间留给丽江古城慢慢逛。,行程变更,AI生成,未审核,,
X0259,能不能把明天的自由活动换到今天？今天走得腿都软了。,行程变更,AI生成,未审核,,
X0260,丽江古城今晚的游览取消，明天上午给大家补两个小时。,行程变更,AI生成,未审核,,
X0261,有个轮胎漏气，我得先开去补一下，下午出发往后推一个钟头。,行程变更,AI生成,未审核,,
X0262,洱海骑行原定两个小时，今天太阳太晒，缩到一个小时就回来。,行程变更,AI生成,未审核,,
X0263,行程单上是先石林后九乡，今天怎么反过来走了？,行程变更,AI生成,未审核,,
X0264,九乡下午要限流，先去那边能少排队，所以顺序调了一下。,行程变更,AI生成,未审核,,
X0265,整个行程往后顺延一天，多出来那一晚的住宿由我们安排。,行程变更,AI生成,未审核,,
X0266,后面那个观景台就在车上看一眼，不下车了，时间实在不够。,行程变更,AI生成,未审核,,
X0267,赵导，这个临时取消到底是景区通知的，还是你们自己定的？,行程变更,AI生成,未审核,,
X0268,是景区发的通知，下午闭园检修，我把截图发群里了。,行程变更,AI生成,未审核,,
X0269,原定下午2:30出发去丽江，前面路况不好，提前到1:50走。,行程变更,AI生成,未审核,,
X0270,晚饭推到七点也行，可中间空出来那一个多钟头干嘛呢？,行程变更,AI生成,未审核,,
X0271,你们团约的陶艺课老师今天有事，只能改到明天上午九点，或者取消。,行程变更,AI生成,未审核,,边界例句
X0272,今晚的夜景要是取消了，后面还能找时间补上吗？,行程变更,AI生成,未审核,,
X0273,返程航班提前到中午，第五天上午的自由活动只能砍掉了。,行程变更,AI生成,未审核,,
X0274,航班一提前，退房是不是也得往前赶？,行程变更,AI生成,未审核,,
X0275,那段栈道在修，今天只能走到半山腰就折返。,行程变更,AI生成,未审核,,
X0276,前头堵得死死的，我掉头走老路，到大理要多跑一个半小时。,行程变更,AI生成,未审核,,
X0277,路上多耽误一个半小时，下午古城的时间就得缩短，晚饭照常吃。,行程变更,AI生成,未审核,,
X0278,那古城还能逛多久？你现在就给个准数，我们好安排拍照。,行程变更,AI生成,未审核,,边界例句
X0279,2号的洱海游船改到4号上午，船票我已经重新订好了。,行程变更,AI生成,未审核,,
X0280,望湖索道这周都在检修，这一项只能取消，费用的事回头单独跟大家说明。,行程变更,AI生成,未审核,,边界例句
X0281,下午暮山特产超市那一站不去了，省下来的时间都留给石林。,行程变更,AI生成,未审核,,边界例句
X0282,行程调整跟买不买东西没关系，纯粹是前面修路，大家别多想。,行程变更,AI生成,未审核,,边界例句
X0283,洱海要是今天实在去不成，挪到哪天、几点去，你得先讲清楚。,行程变更,AI生成,未审核,,
X0284,雾太大了，山顶什么都看不见，上山改到明天早上9点以后。,行程变更,AI生成,未审核,,
X0285,陈导，云上花间改到明天，那明天晚上原定的安排往哪儿放？,行程变更,AI生成,未审核,,
X0286,明晚本来就是自由活动，演出挪过去正好，别的安排一样不动。,行程变更,AI生成,未审核,,
X0287,我妈腿脚不好，下午爬山那段能不能换成坐车转一圈？,行程变更,AI生成,未审核,,
X0288,下午还得赶回市区办入住，束河古镇就逛两个钟头，比原计划少一个钟头。,行程变更,AI生成,未审核,,
X0289,酒店系统出了点问题，入住推迟到下午4点，大家先把行李寄存在前台。,行程变更,AI生成,未审核,,
X0290,下午那班环湖电瓶车取消了，你们最早只能坐5点那一班。,行程变更,AI生成,未审核,,
X0291,早饭往前提到六点半？那也太早了吧。,行程变更,AI生成,未审核,,边界例句
X0292,今天下午的点全部往后推半个钟头，晚上回酒店大概9点。,行程变更,AI生成,未审核,,
X0293,少去一个地方可以，但得提前跟大家商量，不能说改就改。,行程变更,AI生成,未审核,,
X0294,明天第一站从西山换成滇池，西山挪到最后一天下午。,行程变更,AI生成,未审核,,
X0295,雨这么大，山路只能慢慢开，原来6点的晚饭我看得挪到8点以后。,行程变更,AI生成,未审核,,
X0296,你们团原来订的十二点那桌，我帮你们改成十二点四十了。,行程变更,AI生成,未审核,,
X0297,今天中午不回酒店了，直接在景区附近吃，下午的点就能提前一个钟头。,行程变更,AI生成,未审核,,
X0298,周导，行程单上第二晚住的是临湖酒店，怎么到了门口变成远山客栈了？,行程变更,AI生成,未审核,,
X0299,公司下午才通知我，说那边今晚房不够，只能先在远山客栈凑合一晚。,行程变更,AI生成,未审核,,
X0300,合同上写的就是临湖酒店，换成别家总得先问问我们同不同意吧？,行程变更,AI生成,未审核,,
X0301,这样，今晚我再跟临湖酒店协调一次，能腾出房间就马上把大家接回去。,行程变更,AI生成,未审核,,
X0302,中午不是说好在古城里吃吗，怎么把车开到路边这家饭馆来了？,行程变更,AI生成,未审核,,
X0303,古城里那家后厨今天停气了，只好换到这边，桌数和菜数都照原来的标准。,行程变更,AI生成,未审核,,
X0304,换饭店之前跟大伙打声招呼嘛，也不至于下了车才知道。,行程变更,AI生成,未审核,,边界例句
X0305,那辆大巴空调出了点毛病，下午给大家换成一辆中巴，到时候在酒店门口上车。,行程变更,AI生成,未审核,,
X0306,中巴？我们这么多行李，合同上写的可是四十五座的旅游大巴。,行程变更,AI生成,未审核,,
X0307,新车下午一点半开到门口，后面带行李舱，箱子都放得下。,行程变更,AI生成,未审核,,
X0308,陈导，望湖索道怎么从第三天的安排里划掉了？,行程变更,AI生成,未审核,,
X0309,索道今天上午检修，我想先换成坐环湖电瓶车，大家看行不行？,行程变更,AI生成,未审核,,
X0310,电瓶车和索道看的不是一个景，能不能把索道挪到明天再坐？,行程变更,AI生成,未审核,,
X0311,我刚跟景区确认了，明天上午九点索道照常，那就挪到明早，电瓶车今天照样坐。,行程变更,AI生成,未审核,,
X0312,你把行程单拿出来对一对，昆明去大理写的是坐动车还是坐大巴？,行程变更,AI生成,未审核,,
X0313,本来讲好坐动车两个钟头就到，现在改大巴要跑五六个小时。,行程变更,AI生成,未审核,,
X0314,动车票确实没抢到，改坐大巴的话，中途会在服务区停两次，让大家下来歇歇。,行程变更,AI生成,未审核,,
X0315,杨导，按你这么调，明天直接去丽江，那合同上的大理两晚怎么算？,行程变更,AI生成,未审核,,
X0316,先大理后丽江是我们挑了好久才定的，这个顺序不能动。,行程变更,AI生成,未审核,,
X0317,丽江的房我已经协调好往后挪了，顺序就按合同来，先大理后丽江。,行程变更,AI生成,未审核,,
X0318,云上花间本来排在第二天晚上，怎么跑到最后一晚去了？,行程变更,AI生成,未审核,,
X0319,第二天那场早就卖光了，离得最近、还有座的就是第四天晚上。,行程变更,AI生成,未审核,,
X0320,最后一晚看演出倒没什么，可散场太晚的话，第二天一早的飞机怎么赶？,行程变更,AI生成,未审核,,
X0321,签合同那天我特意问过，说住的就是澄溪假日酒店，现在怎么能说换就换？,行程变更,AI生成,未审核,,
X0322,澄溪那边我刚问过，明晚能空出八间房，今晚先将就一下，明早就搬过去。,行程变更,AI生成,未审核,,
X0323,你们导游说今天中午不过来吃了，这桌菜要不要给你们改到晚上？,行程变更,AI生成,未审核,,
X0324,旅行社刚来电话，说你们这个团明晚不住了，要提前一天退房。,行程变更,AI生成,未审核,,
X0325,前台都说了是旅行社自己退的房，不是满房，那就把我们换回来。,行程变更,AI生成,未审核,,
X0326,原来那条山路下午不让大车走，只能绕到环湖路上去，进古城要往后推一点。,行程变更,AI生成,未审核,,
X0327,绕路我们理解，可古城那三个钟头得给我们留足。,行程变更,AI生成,未审核,,
X0328,进城晚了多少，出城就晚多少，三个小时一分钟都不扣。,行程变更,AI生成,未审核,,
X0329,刘导，晚饭怎么从临湖酒店的餐厅改到外面街上去了？,行程变更,AI生成,未审核,,
X0330,酒店餐厅今晚有人办酒席，我们换到隔壁那家，十人一桌，八菜一汤不变。,行程变更,AI生成,未审核,,
X0331,我们几个坐后排一路都晕车，能不能把原来那辆大车换回来？,行程变更,AI生成,未审核,,
X0332,大车要修到明天中午，今天先坐这辆，明天一早就给大家换回来。,行程变更,AI生成,未审核,,
X0333,行程单写的是8:30出发，你这又提前到7点，早饭都来不及吃。,行程变更,AI生成,未审核,,
X0334,那就还按八点半走，景区那边我打个招呼，晚一点进也没关系。,行程变更,AI生成,未审核,,
X0335,何导，第四天原来是自由活动，怎么中间塞进去一个茶园参观？,行程变更,AI生成,未审核,,边界例句
X0336,行，茶园那段拿掉，第四天还是全天自由活动，晚上自己回酒店就行。,行程变更,AI生成,未审核,,
X0337,单子上第二天印的是滇池，怎么今天一早车直接往抚仙湖开了？,行程变更,AI生成,未审核,,
X0338,石林今天限流进不去，我先帮大家改到明天上午，九乡就不另外加了。,行程变更,AI生成,未审核,,
X0339,这车跟出发时坐的不是同一辆，连师傅也换了，什么时候换的？,行程变更,AI生成,未审核,,
X0340,我把合同翻出来了，第三天下午是洱海骑行，不是坐在车上绕一圈。,行程变更,AI生成,未审核,,
X0341,骑行给大家补上，明早七点半出发，先去洱海边骑一个钟头，再接着走原来的安排。,行程变更,AI生成,未审核,,
X0342,合同第5条写着住宿不得擅自更换，今晚这个换法我们不认。,行程变更,AI生成,未审核,,
X0343,是我们没安排好，今晚就派车把大家送回澄溪假日酒店，房间都留好了。,行程变更,AI生成,未审核,,边界例句
X0344,赵导，午饭改到景区外头吃，来回一折腾，下午的索道还赶得上吗？,行程变更,AI生成,未审核,,
X0345,餐厅走过去就十来分钟，下午两点上索道的时间不受影响。,行程变更,AI生成,未审核,,
X0346,大理第二晚我再去争取，实在订不上，就让大家投票选住哪儿。,行程变更,AI生成,未审核,,
X0347,合同里的晚饭写的是在古城里吃，你们挪到郊区，晚上还怎么逛古城？,行程变更,AI生成,未审核,,
X0348,那就把晚饭挪回古城，吃完原地解散，大家自己逛，九点半车在南门等。,行程变更,AI生成,未审核,,
X0349,麻烦你把明晚的房先给我们留着，我们这就去找旅行社，要求换回来住。,行程变更,AI生成,未审核,,
X0350,原来十二点吃午饭，现在得先赶去坐索道，午饭往后挪到一点半，大家先垫点东西。,行程变更,AI生成,未审核,,
X0351,午饭推后一个半小时，老人家可扛不住，能不能还按十二点吃？,行程变更,AI生成,未审核,,
X0352,那就先吃饭，索道改坐两点那一班，我刚问过还有票。,行程变更,AI生成,未审核,,
X0353,你们把双廊和喜洲前后对调了，我们在双廊订的下午茶怎么办？,行程变更,AI生成,未审核,,
X0354,车型的事是我们疏忽了，从明天起恢复成大巴，行程表上写什么车就派什么车。,行程变更,AI生成,未审核,,
X0355,原本16:00就能回酒店歇着，现在拖到晚上8点，中间整整多出4个钟头。,行程变更,AI生成,未审核,,
X0356,换车耽误了40分钟，所以石林入园时间改成10:40，出来的时间也跟着往后延。,行程变更,AI生成,未审核,,
X0357,合同签的是12月5日出发的团，怎么把我们并到6日那个团里去了？,行程变更,AI生成,未审核,,
X0358,包间今晚被人提前订走了，你们的晚饭只能从18:00挪到19:30。,行程变更,AI生成,未审核,,
X0359,新车要从昆明调过来，明早出发只能从7:50推到9:00。,行程变更,AI生成,未审核,,
X0360,差价退不退是后话，现在先把我们换回合同上的那家酒店。,行程变更,AI生成,未审核,,边界例句
X0361,下午往后挪，是景区说两点前雨最大，等雨小一点再进去。,行程变更,AI生成,未审核,,边界例句
X0362,南门那边四点集合的，往后挪半个钟头，大家多逛一会儿再出来。,行程变更,AI生成,未审核,,边界例句
X0363,那个，行程单上明天是先去哪儿来着？好像跟你刚才说的不一样。,行程变更,AI生成,未审核,,边界例句
X0364,回程原定要停的服务区不停了，直接开回昆明，能早到一个钟头。,行程变更,AI生成,未审核,,边界例句
X0365,换成小车每人能便宜多少我不关心，我只要原来那辆能放下行李的大巴。,行程变更,AI生成,未审核,,边界例句
X0366,箱子我们先不卸了，麻烦师傅直接把车开回原来那家酒店。,行程变更,AI生成,未审核,,边界例句
X0367,临湖酒店那边房间落实了，车9点到客栈门口接大家过去。,行程变更,AI生成,未审核,,
X0368,下午茶是几点的？要不我把双廊挪回下午，跟原来的行程一样。,行程变更,AI生成,未审核,,
X0369,雨要是下大了，咱们就在这个长廊里先讲，路线还是不变。,行程变更,AI生成,未审核,,边界例句
X0370,马导，明天还是按原来说的去洱海吧？,行程变更,AI生成,未审核,,
X0371,对，还是原计划，明天上午洱海，一点都没动。,行程变更,AI生成,未审核,,边界例句
X0372,杨导，您刚才那意思是，我们不买鲜花饼，晚上的菜就要缩水？,服务态度,AI生成,未审核,,
X0373,说好的十菜一汤，没人买东西就成了六个菜，这不是拿吃饭来压我们吗？,服务态度,AI生成,未审核,,边界例句
X0374,门票本来就含在团费里，不去买银器，就不给我们排上午进园了？,服务态度,AI生成,未审核,,
X0375,周导，您这话的意思是，我们不在茶舍买，明天就不是您带了？,服务态度,AI生成,未审核,,
X0376,听这话里的意思，今晚住哪儿，是跟我们买多少挂钩的？,服务态度,AI生成,未审核,,
X0377,你是说门票预约几点，还得看我们上午在玉石馆花了多少钱？,服务态度,AI生成,未审核,,
X0378,刚才导游那话我听明白了，不买茶，晚饭就照最低标准来。,服务态度,AI生成,未审核,,
X0379,杨导一直说住宿还在协调，其实就是等着看我们在银坊的单子吧？,服务态度,AI生成,未审核,,
X0380,老公，你没听出来吗？她就是说不买的话，明天的房间不保证有窗户。,服务态度,AI生成,未审核,,
X0381,我们一人交了两千八百块团费，现在说不报自费就不给好房间，这说不过去吧？,服务态度,AI生成,未审核,,边界例句
X0382,导游嘴上没明说，可一会儿说房间紧，一会儿说大家支持一下，谁还听不出来？,服务态度,AI生成,未审核,,
X0383,所以不坐索道的人，就得在山脚下干等两个钟头，是这个意思吗？,服务态度,AI生成,未审核,,
X0384,在门口排了快一个小时，导游说是因为我们上午买得少，没给我们办快速通道。,服务态度,AI生成,未审核,,边界例句
X0385,我就问一句，不去看云上花间，明天的早饭是不是也要降一档？,服务态度,AI生成,未审核,,
X0386,说好的四星酒店，现在又说要看我们买得多不多再定，这跟合同上不一样啊。,服务态度,AI生成,未审核,,边界例句
X0387,导游说没人买他回去不好交代，又说明天的车可能换小的，这不就是在点我们吗？,服务态度,AI生成,未审核,,
X0388,照您这么讲，我们要是不进那家店，明天石林的门票就订不上下午那一场了？,服务态度,AI生成,未审核,,
X0389,赵导，您说明天景区门口要不要等我们，得看今天大家的表现，这话我可记下了。,服务态度,AI生成,未审核,,
X0390,哎呀别问了别问了，到了地方你们自己就看到了。,服务态度,AI生成,未审核,,
X0391,姐，您都试了快半个小时了，我这边还有别的客人要招呼呢。,服务态度,AI生成,未审核,,边界例句
X0392,这个问题昨天就有人问过，我也答过了，自己往上翻翻群消息。,服务态度,AI生成,未审核,,
X0393,我问的是几点能回酒店，你跟我说那边的菌子好吃，这不是答非所问吗？,服务态度,AI生成,未审核,,
X0394,莫磨蹭了，行李一件一件递上来，我还要赶下一趟。,服务态度,AI生成,未审核,,
X0395,下午四点二十集合，我只说这一遍，记不住的自己定个闹钟。,服务态度,AI生成,未审核,,边界例句
X0396,价钱都贴在上面，自己看嘛，我这儿正忙着呢。,服务态度,AI生成,未审核,,边界例句
X0397,李导，房卡的事我们问了三遍，你每次都说等一下，到现在也没下文。,服务态度,AI生成,未审核,,
X0398,热水的事回头一块儿弄，催也没用，先把行李搬上车。,服务态度,AI生成,未审核,,
X0399,前台小姑娘刚才说话冲了点，我替她跟您赔个不是。,服务态度,AI生成,未审核,,
X0400,你问我我问谁去，酒店那边的事又不归我管。,服务态度,AI生成,未审核,,
X0401,赵导，你能不能好好回答一句，别一问就是差不多差不多。,服务态度,AI生成,未审核,,
X0402,这个要不要嘛？不要我先收起来了，我这儿就一个人，看不过来。,服务态度,AI生成,未审核,,
X0403,照片差不多就行了，一两张够了，别每个角落都拍一遍。,服务态度,AI生成,未审核,,
X0404,上洗手间的抓紧，只给五分钟哈，谁慢了一车人都得等。,服务态度,AI生成,未审核,,
X0405,我刚开口问门票含不含，你就摆手让我别问了，这是什么态度？,服务态度,AI生成,未审核,,边界例句
X0406,这个我也说不准，你们先别管，跟着走就对了。,服务态度,AI生成,未审核,,
X0407,我只管开车，有啥事问导游去，别都围到我这儿来。,服务态度,AI生成,未审核,,
X0408,我们这儿不讲解的，想知道啥自己看说明卡。,服务态度,AI生成,未审核,,
X0409,你一边刷手机一边回我们，问三句才回一句，这样合适吗？,服务态度,AI生成,未审核,,
X0410,磨蹭啥呢，都十二点五十了，就等你们这一桌了。,服务态度,AI生成,未审核,,
X0411,要走多远我也没量过，你们脚底下快点，自然就到了。,服务态度,AI生成,未审核,,
X0412,洱海边能不能多停会儿，行就行，不行就不行，你一个劲儿岔开话题算怎么回事？,服务态度,AI生成,未审核,,边界例句
X0413,刚才是我回答得太敷衍了，您再问一遍，我认真跟您说。,服务态度,AI生成,未审核,,
X0414,周导，从早上到现在你说了不下五个马上，到底还要等多久？,服务态度,AI生成,未审核,,
X0415,各位，接待上的怠慢我都听说了，导游的态度问题我们一定严肃处理。,服务态度,AI生成,未审核,,
X0416,你们一个接一个地问，我一张嘴哪里答得过来，排好队一个一个说。,服务态度,AI生成,未审核,,
X0417,那个不卖的，别碰了，看看就行。,服务态度,AI生成,未审核,,
X0418,我们在大厅干等了四十分钟，前台就一句再等等，连杯水都没给。,服务态度,AI生成,未审核,,
X0419,赶紧的赶紧的，望湖索道那边排队的已经一百多号人了。,服务态度,AI生成,未审核,,
X0420,好了好了，这个话题就到这儿，咱们聊点别的。,服务态度,AI生成,未审核,,
X0421,杨导，一说退房时间你就扯到茶叶上去，是不是故意不想正面回答？,服务态度,AI生成,未审核,,边界例句
X0422,上车的抓紧，这个路口不能久停，后头车子都在按喇叭了。,服务态度,AI生成,未审核,,
X0423,那您先随便看看吧，我得去理一下货，有事等会儿再说。,服务态度,AI生成,未审核,,
X0424,我说了不知道就是不知道，再问我也是这句话。,服务态度,AI生成,未审核,,
X0425,你这回答跟没回答一样，到底含不含早餐也不说清楚。,服务态度,AI生成,未审核,,边界例句
X0426,刘导，我们出来玩是图个开心，你能不能别每次都板着个脸。,服务态度,AI生成,未审核,,
X0427,我带了这么多年团，从来没人问这种问题，你们就别为难我了。,服务态度,AI生成,未审核,,
X0428,包装盒没有了，就这么拿着吧，又不影响啥。,服务态度,AI生成,未审核,,
X0429,下一个点只停二十分钟，走路都快一点，别边走边聊天。,服务态度,AI生成,未审核,,边界例句
X0430,跟你说房间空调不制冷，你就回了个哦，到现在两个钟头了都没人来。,服务态度,AI生成,未审核,,
X0431,前台处理得太慢了，让您在大厅等了快一个钟头，实在对不住。,服务态度,AI生成,未审核,,
X0432,你们问那么多干嘛，我还能把你们带丢了不成。,服务态度,AI生成,未审核,,
X0433,讲解词就那几句，我念快一点，大家听个大概就行。,服务态度,AI生成,未审核,,边界例句
X0434,讲着讲着你就打哈欠，马导，你这样我们还怎么往下听？,服务态度,AI生成,未审核,,
X0435,喂喂，后面那几位，还拍什么拍，车都打着火了。,服务态度,AI生成,未审核,,
X0436,退换的事别问我，我就是临时帮忙看店的，啥也不清楚。,服务态度,AI生成,未审核,,边界例句
X0437,我就问了一句洗手间在哪，你那个语气好像我欠你钱似的。,服务态度,AI生成,未审核,,
X0438,你说的这些我心里有数，就不用一遍一遍重复了。,服务态度,AI生成,未审核,,
X0439,那个啥，大家先吃饭，吃完饭的事吃完饭再说。,服务态度,AI生成,未审核,,
X0440,何导，你是不是嫌我们问得多？问一句你叹一口气。,服务态度,AI生成,未审核,,
X0441,别催我别催我，我比你们还急，导游不来我也走不了嘛。,服务态度,AI生成,未审核,,
X0442,刚才我口气不太好，跟大家说声不好意思，今天确实是有点急了。,服务态度,AI生成,未审核,,
X0443,我们店8:30就关门，您挑快一点，我还要对账。,服务态度,AI生成,未审核,,
X0444,说好15分钟给回复，结果等了60分钟，连个人影都没见着。,服务态度,AI生成,未审核,,
X0445,你这个情况比较特殊，我这边处理不了，回头你自己找旅行社说去。,服务态度,AI生成,未审核,,
X0446,快快快，鲜花饼拿在路上吃，别站在这儿吃了。,服务态度,AI生成,未审核,,
X0447,你一句忙着呢就把我们打发了，那我们找谁说去？,服务态度,AI生成,未审核,,
X0448,我又不是导游，景点几点开门、从哪个门进，我哪里晓得嘛。,服务态度,AI生成,未审核,,
X0449,陈导，我一提意见你就说我想多了，那你倒是解释一下嘛。,服务态度,AI生成,未审核,,
X0450,为什么为什么，一路上光听见你们问为什么了，开开心心玩不好吗？,服务态度,AI生成,未审核,,
X0451,刚才在雾林茶舍门口叫你，你明明听见了，头都没回一下。,服务态度,AI生成,未审核,,
X0452,麻烦大家安静点，问题先攒着，别一会儿冒出来一个。,服务态度,AI生成,未审核,,
X0453,我们就想知道今晚住远山客栈还是临湖酒店，问了一路都说再等等。,服务态度,AI生成,未审核,,边界例句
X0454,大家抓点紧，9:30车子准时开，挑不完的下回再来。,服务态度,AI生成,未审核,,
X0455,现在人多，您那个要求我们顾不上，明天上午十点以后再来吧。,服务态度,AI生成,未审核,,
X0456,赵导，我这边话还没说完，你就转身走了，这算什么意思？,服务态度,AI生成,未审核,,
X0457,路上您问了我好几回，我光嗯嗯啊啊的，这会儿坐下来，咱们一条一条说。,服务态度,AI生成,未审核,,
X0458,咋个又来了，排队的事你们自己商量好再来找我，一人一句我头都大了。,服务态度,AI生成,未审核,,
X0459,导游答不上来的，您直接问我，不该让您跑来跑去问了一圈。,服务态度,AI生成,未审核,,
X0460,解释起来太麻烦，反正跟你们说了你们也记不住。,服务态度,AI生成,未审核,,
X0461,集合地点说了跟没说一样，什么就那边那边，那边到底是哪边？,服务态度,AI生成,未审核,,
X0462,马导，有话好好说，你那个口气一出来，车上好几个人都不吭声了。,服务态度,AI生成,未审核,,
X0463,大姐，刚才是我嗓门太大了，吓着您了吧，真不好意思。,服务态度,AI生成,未审核,,
X0464,这件事我先替我们导游给大家赔个不是，回去我会好好批评他。,服务态度,AI生成,未审核,,
X0465,我就想听你一句道歉，这个要求不算过分吧？,服务态度,AI生成,未审核,,
X0466,对不起啊阿姨，刚才忙着结账，没顾上招呼您，让您久等了。,服务态度,AI生成,未审核,,
X0467,刚进店那会儿你还笑眯眯的，一听我们只看不买，立马就不搭理人了。,服务态度,AI生成,未审核,,边界例句
X0468,喇叭按得那么急，是我这个开车的性子躁，各位多担待。,服务态度,AI生成,未审核,,
X0469,杨导，你翻白眼我们都看见了，有意见可以直接说嘛。,服务态度,AI生成,未审核,,
X0470,那会儿嗓子哑得厉害，回话就短了点，听着像打发人，大家多体谅。,服务态度,AI生成,未审核,,
X0471,午饭吃啥、晚上住哪，你一句都没正面答过我们。,服务态度,AI生成,未审核,,
X0472,各位反映的态度问题，我们旅行社认，今晚七点我亲自过来当面给大家道歉。,服务态度,AI生成,未审核,,
X0473,张经理，我们投诉的不是房间，是前台那个爱答不理的态度。,服务态度,AI生成,未审核,,边界例句
X0474,今天我确实不在状态，把自己的情绪带到工作上来了，这是我的问题。,服务态度,AI生成,未审核,,
X0475,远山客栈前台那位，说话眼睛都不看人，好像我们来住店是麻烦她。,服务态度,AI生成,未审核,,
X0476,新来的伙计不懂分寸，冲您说的那几句我们店里认，您别跟她计较。,服务态度,AI生成,未审核,,
X0477,光说一句不好意思就完了？刚才那态度总得有个说法吧。,服务态度,AI生成,未审核,,
X0478,是我没耐心，您问第二遍的时候我就该停下来好好讲的。,服务态度,AI生成,未审核,,
X0479,迟到这么久，你进门连句对不住都没有，倒像是我们耽误了你。,服务态度,AI生成,未审核,,
X0480,陈导，我妈年纪大耳朵背，你说快了她听不清，多说一遍能费多大事？,服务态度,AI生成,未审核,,
X0481,阿姨，刚才我背对着您真没听见，不是故意不理您，实在对不住。,服务态度,AI生成,未审核,,
X0482,我们导游的问题我们不推脱，该道歉的道歉，该改的一定改。,服务态度,AI生成,未审核,,
X0483,我们也不想闹，可你这种不耐烦的口气，谁听了都会有想法。,服务态度,AI生成,未审核,,
X0484,我说句不该我说的，何导刚才那几句确实冲了点，换我听了也不舒服。,服务态度,AI生成,未审核,,
X0485,道歉也道了，还要我当众念检讨啊？差不多得了。,服务态度,AI生成,未审核,,
X0486,你这道歉一听就是在应付，一点诚意都没有。,服务态度,AI生成,未审核,,
X0487,刘导，你张口就是爱去不去，这话对我们二十几个人合适吗？,服务态度,AI生成,未审核,,
X0488,气头上那句话是我说重了，我收回，请各位多多原谅。,服务态度,AI生成,未审核,,
X0489,您别生气，我刚才不是嫌您挑得慢，是怕后面的客人挤着您。,服务态度,AI生成,未审核,,
X0490,退不退钱另说，你先为刚才那个口气给我们一个交代。,服务态度,AI生成,未审核,,边界例句
X0491,赵导这几天让大家受委屈了，我代表听澜百川旅行社跟各位道歉。,服务态度,AI生成,未审核,,
X0492,我们拍合影的时候，你在旁边一直看表叹气，弄得大家都挺尴尬。,服务态度,AI生成,未审核,,
X0493,我看表是在算时间，叹气是我自己累了，让大家误会了，对不起。,服务态度,AI生成,未审核,,
X0494,三点十分说好在门口碰头，你电话不接，接起来第一句就是催什么催。,服务态度,AI生成,未审核,,
X0495,那会儿我正跟景区对接门票，接电话的语气是急了点，您多包涵。,服务态度,AI生成,未审核,,
X0496,我们老两口走得慢，你当着这么多人说我们拖后腿，多让人难堪。,服务态度,AI生成,未审核,,
X0497,叔叔阿姨，拖后腿那三个字是我嘴快，您二位走得慢没错，是我不该那么说。,服务态度,AI生成,未审核,,
X0498,这几条意见我一条不落都带回去，明天中午前给各位一个答复。,服务态度,AI生成,未审核,,
X0499,你嘴上说没关系，脸上写着不耐烦，我们又不是看不出来。,服务态度,AI生成,未审核,,
X0500,刚才那句看看就行别上手，我说得太生硬了，您别介意啊。,服务态度,AI生成,未审核,,
X0501,你回来上车一句话不说，耳机一戴就玩手机，我们干坐了40分钟算什么？,服务态度,AI生成,未审核,,
X0502,让大家等了那么久，我一上车就该先解释的，是我做得不到位。,服务态度,AI生成,未审核,,
X0503,何导，大家问东西，你就抬抬下巴指个方向，嘴都不张一下。,服务态度,AI生成,未审核,,
X0504,刚才客人问路线，我回得太冲了，这事怪我，下回好好说。,服务态度,AI生成,未审核,,
X0505,这已经是第二回了，上回你也是嘴上说不好意思，转头就忘。,服务态度,AI生成,未审核,,
X0506,每天带团压力是大，可这不是我对大家甩脸子的理由，我检讨。,服务态度,AI生成,未审核,,
X0507,刘导的事我已经了解了，大家先消消气，明天给大家换个耐心点的导游。,服务态度,AI生成,未审核,,
X0508,换不换导游是你们的事，我们现在就要他本人当面道个歉。,服务态度,AI生成,未审核,,
X0509,一路上他脸色就没好看过，大家连话都不敢跟他多说。,服务态度,AI生成,未审核,,边界例句
X0510,脸色难看是我这几天没睡好，跟大家没关系，我注意调整。,服务态度,AI生成,未审核,,
X0511,姐，刚才我同事急着交班，招呼得不周到，这边我来招呼您。,服务态度,AI生成,未审核,,边界例句
X0512,你们晓月银坊的店员，我们多问两句价钱就不耐烦，这是做生意的态度吗？,服务态度,AI生成,未审核,,边界例句
X0513,晓月银坊这边先跟您说声对不住，店员的态度我们一定内部整改。,服务态度,AI生成,未审核,,
X0514,投诉不是为了为难谁，就是希望下一个团别再碰上这种态度。,服务态度,AI生成,未审核,,
X0515,大家心里有气我理解，有什么不满意的尽管说，我都听着。,服务态度,AI生成,未审核,,
X0516,问个吃饭时间，回我一句到点自然就吃了，这话噎得人半天说不出来。,服务态度,AI生成,未审核,,边界例句
X0517,刚才那么回您是我态度不好，抱歉抱歉，晚饭是六点半。,服务态度,AI生成,未审核,,边界例句
X0518,周导，催归催，能不能别拍着车门喊，听着怪吓人的。,服务态度,AI生成,未审核,,
X0519,大家莫急莫急，导游刚才是话说急了，他心里也过意不去。,服务态度,AI生成,未审核,,
X0520,团费交得一分不少，起码的客气话总该有吧。,服务态度,AI生成,未审核,,边界例句
X0521,您说得对，尊重是最起码的，我刚才那样确实不应该。,服务态度,AI生成,未审核,,
X0522,鹿鸣七彩旅行社收到反馈了，马导那天怎么说的话，我们会挨个找大家了解。,服务态度,AI生成,未审核,,
X0523,还核实什么呀，马导那天冲我们发火，全车人都听见了。,服务态度,AI生成,未审核,,
X0524,让您干站了快15分钟，是我这边没安排好，下次人多我先给您倒杯茶。,服务态度,AI生成,未审核,,
X0525,你讲解跟背课文一样，多问一句就说不知道，也太敷衍了。,服务态度,AI生成,未审核,,
X0526,我讲得是有点赶，不是不想讲，是怕耽误大家午饭，下一站我慢慢讲。,服务态度,AI生成,未审核,,边界例句
X0527,张经理，澄溪假日酒店前台把我们的房间弄错了，问一句就甩一句系统问题。,服务态度,AI生成,未审核,,
X0528,是我们这边没安排好，大家受累了，这边先给各位鞠个躬。,服务态度,AI生成,未审核,,
X0529,道歉我们听到了，这事回去还是会跟旅行社说一声，不是针对你。,服务态度,AI生成,未审核,,
X0530,各位，昨天我态度不好，一晚上都没睡踏实，今天一早先跟大家说声对不起。,服务态度,AI生成,未审核,,
X0531,杨导，有话慢慢说，你一着急嗓门就上去，大家心里也跟着毛躁。,服务态度,AI生成,未审核,,
X0532,早上八点四十集合，我们八点半就到了，你一来就嫌我们站得不对，嚷了半天。,服务态度,AI生成,未审核,,
X0533,早上那会儿我火气上来了，冲大家嚷了好几句，现在想想真不应该。,服务态度,AI生成,未审核,,
X0534,开窗那事是我没好气，大姐，您别跟我计较。,服务态度,AI生成,未审核,,
X0535,买不买是我们的自由，你一路上拉着个脸给谁看呢？,服务态度,AI生成,未审核,,边界例句
X0536,我不是催大家啊，就是提个醒，滇池边太阳下山快，五点二十得往回走了。,服务态度,AI生成,未审核,,边界例句
X0537,大家坐稳了啊，等会儿进雾林茶舍，有合适的就带点出来，明天去石林的早场票我也好开口去要。,威胁消费,AI生成,未审核,,
X0538,明天车上前三排的位置，我打算留给今天在店里帮了忙的朋友，大家理解一下哈。,威胁消费,AI生成,未审核,,
X0539,原定下午三点四十集合，这一站要是顺利，我就往后放到四点半，让大家在古城多逛会儿。,威胁消费,AI生成,未审核,,
X0540,等下进店，咱们团人均要是能到八百块，晚上我就不绕路了，直接送大家回酒店休息。,威胁消费,AI生成,未审核,,
X0541,景点讲解我能讲足两个钟头，也能二十分钟就收工，上午这一站怎么样，下午就怎么讲。,威胁消费,AI生成,未审核,,
X0542,去洱海几点走我先不说死，店里要是都有收获，咱们就早点出发，多留点时间看日落。,威胁消费,AI生成,未审核,,
X0543,跟大家商量个事，明天望湖索道我想帮大家争取早一点的时段，前提是今天大家多少捧个场。,威胁消费,AI生成,未审核,,
X0544,咱们车上二十六位，刚才只有三位拎了东西出来，后面的安排我真不好跟公司开口。,威胁消费,AI生成,未审核,,
X0545,买不买是大家的自由，不过后天去丽江那趟车，座位是照今天的单子来排的。,威胁消费,AI生成,未审核,,
X0546,靠窗的位置大家都想要，我也想公平点，那就看谁今天支持得多一点吧。,威胁消费,AI生成,未审核,,
X0547,公司刚来电话问今天的单子，我还没回话呢，大家帮我撑一撑，后面几天我也好替大家争取。,威胁消费,AI生成,未审核,,
X0548,古城那边给大家留两个小时还是四十分钟，我得等从这家店出来才能定。,威胁消费,AI生成,未审核,,边界例句
X0549,我在石林讲了十几年，肚子里的东西多得很，下午能倒出来多少，就看大家等会儿的心意了。,威胁消费,AI生成,未审核,,
X0550,我跟司机师傅商量过了，今天店里成绩好，回程就绕一下环湖路，让大家看看洱海的夕阳。,威胁消费,AI生成,未审核,,
X0551,有几位朋友一上车就问能不能换到前排，我说行啊，等出了晓月银坊咱们再说。,威胁消费,AI生成,未审核,,
X0552,大家今天要是给力，明天叫早我就从六点半改到七点半，早饭也能吃得从容点。,威胁消费,AI生成,未审核,,
X0553,下一站是竹溪茶仓，大家进去好好看，这一站走得好，后面两天的讲解我都给大家加料。,威胁消费,AI生成,未审核,,
X0554,好，人都齐了吧？刚才店里的情况我就不多说了，下午的自由活动，我再看看怎么排。,威胁消费,AI生成,未审核,,边界例句
X0555,车上的讲解我本来可以多讲一点，可今天这一站大家这么冷淡，我也提不起这个劲。,威胁消费,AI生成,未审核,,
X0556,晕车的朋友想坐前面，可以呀，我这边先记一下，待会儿进店，大家也多照顾照顾我。,威胁消费,AI生成,未审核,,
X0557,咱们这个团价格本来就低，大家心里明白，进了店不动一动，后面的景点我真不好排进去。,威胁消费,AI生成,未审核,,边界例句
X0558,回来路上有个看雪山特别好的观景台，停不停车，要看大家在翠微坊珠宝店里热不热情了。,威胁消费,AI生成,未审核,,
X0559,后排的朋友也听一下啊，下一站东西不贵，大家顺手带一点，晚上的安排就松快了。,威胁消费,AI生成,未审核,,
X0560,我带团有个习惯，谁支持我，到了景点我就多陪谁走一段、多讲两句，这个大家都看得到。,威胁消费,AI生成,未审核,,
X0561,今天要是能过一万块，明天大理古城我给大家放半天自由活动，要是差得远，就只能按紧的那版走。,威胁消费,AI生成,未审核,,
X0562,晚饭前我本来想带大家去双廊转一转，现在就看这一站大家能不能帮我把场面撑起来。,威胁消费,AI生成,未审核,,
X0563,下午15:40集合上车，之前大家多转转，单子好看一点，去石林我就带大家走人少的那条线。,威胁消费,AI生成,未审核,,
X0564,咱们团今天人均才200元，说实话，明天的车和景点怎么排，我心里还真没底。,威胁消费,AI生成,未审核,,边界例句
X0565,我这人说话直，大家今天支持我一天，后面五天的讲解我就给大家讲透。,威胁消费,AI生成,未审核,,
X0566,车就停在店门口，挑好了咱们直接去洱海边，要是磨蹭到最后都空着手，洱海就只能匆匆看一眼了。,威胁消费,AI生成,未审核,,
X0567,你们周导刚才交代了，团里能有几单的话，下午的讲解他会多加一个点。,威胁消费,AI生成,未审核,,
X0568,姐，这对镯子您多少带一样吧，你们杨导说了，这一站好，后面的座位都给大家往前调。,威胁消费,AI生成,未审核,,
X0569,各位，今天咱们团成绩好的话，我就跟旅行社说一声，明天让周导少跑一个店，多留时间给大家玩。,威胁消费,AI生成,未审核,,
X0570,你们这个团今天要是能凑个两万块，我跟旅行社打个招呼，晚上给大家换到临湖酒店的湖景房。,威胁消费,AI生成,未审核,,
X0571,大哥，买一点吧，你们导游说了，人人都有收获的团，集合时间才往后放，大家能多歇会儿。,威胁消费,AI生成,未审核,,
X0572,我们这儿每个团出去都有记录，记录好看，你们后面几天的安排导游就好开口了。,威胁消费,AI生成,未审核,,
X0573,云栖野渡旅行社的团在我们这儿一向挺给力的，你们也别落后，不然后面景点预约我们也不好帮忙。,威胁消费,AI生成,未审核,,
X0574,您这块翡翠1680元，拿下了，我跟马导说一声，下午给您留个前排。,威胁消费,AI生成,未审核,,边界例句
X0575,叔叔阿姨们，茶叶带一点回去也不占地方，这一站走顺了，你们后面几天也跟着顺。,威胁消费,AI生成,未审核,,
X0576,你们刘导今天压力挺大，各位要是能帮他把数字做上去，他明天带大家坐索道也有底气排前面。,威胁消费,AI生成,未审核,,
X0577,你们今天店里要是痛快，周导一句话，我就抄近路，早半个钟头把大家送到洱海边。,威胁消费,AI生成,未审核,,
X0578,车门我先开着，想再进去看看的朋友不着急，多拿点东西，回头杨导排后面的车也好排。,威胁消费,AI生成,未审核,,
X0579,大家别嫌我多嘴，前面几个团在这儿都挺支持的，那几个团后面坐的都是新车。,威胁消费,AI生成,未审核,,
X0580,今天在店里拎了东西的朋友，行李我先给放进后备厢，其他人稍微等一等。,威胁消费,AI生成,未审核,,边界例句
X0581,明天去丽江路上时间不短，坐哪儿差别可大了，大家今天多支持，周导排座也好排。,威胁消费,AI生成,未审核,,
X0582,哎呀算了算了，大家多少买一点嘛，不然等下周导又说下午的时间不好排。,威胁消费,AI生成,未审核,,边界例句
X0583,你没听见啊，导游说今天店里没成绩，明天索道就排最后一批，买个小的应付一下吧。,威胁消费,AI生成,未审核,,
X0584,今天你们团有12个人，平均每人消费到500元，后面行程我们这边也好帮周导说话。,威胁消费,AI生成,未审核,,
X0585,上车前我说两句，刚才在暮山特产超市帮了忙的朋友，我都看在眼里，明天排座位会照顾一下。,威胁消费,AI生成,未审核,,
X0586,下午的景点我打算从正门一路讲进去，至于讲到哪儿停，咱们出了店再说。,威胁消费,AI生成,未审核,,边界例句
X0587,哎，各位听我说，进店不是任务，可这一站的成绩跟咱们明天早上几点出发是连着的。,威胁消费,AI生成,未审核,,
X0588,这么说吧，大家今天手上松一松，明天行程我就松一松，大家手上紧，那明天就只能紧着走了。,威胁消费,AI生成,未审核,,
X0589,明天上午本来要坐望湖索道上去看全景，现在我不敢保证了，得看这家店大家给不给力。,威胁消费,AI生成,未审核,,边界例句
X0590,我跟大家交个底，今天每人哪怕消费个三五百，下午石林我就能多给大家争取一个钟头。,威胁消费,AI生成,未审核,,
X0591,晚上云上花间的演出，好位置就那么几张，我手上那几张，先给今天支持我的朋友。,威胁消费,AI生成,未审核,,
X0592,刚才几位大哥喝了半天茶，一口都没买，我也不说什么，就是下午讲解我得先顾着买了东西的朋友。,威胁消费,AI生成,未审核,,
X0593,大家放心，我不会强迫谁，不过这一站要是交了白卷，后面三天的行程我可不敢保证原汁原味。,威胁消费,AI生成,未审核,,
X0594,现在是10:20，大家在青黛玉石馆还有40分钟，这40分钟用好了，下午的自由时间就宽裕了。,威胁消费,AI生成,未审核,,
X0595,我知道有的朋友嫌我啰嗦，可后面几站住得好不好、玩得顺不顺，这一站分量不轻。,威胁消费,AI生成,未审核,,
X0596,这一车人我是一视同仁的，就是讲解的时候谁站前面谁站后面，大家自己心里有个数。,威胁消费,AI生成,未审核,,边界例句
X0597,今晚住远山客栈还是澄溪假日酒店，公司还没最后定，我想帮大家争取好的那个，可得有点成绩才好开口。,威胁消费,AI生成,未审核,,
X0598,大家都是聪明人，这个店转一圈空着手出来，明天早上的集合时间我可能就得提前了。,威胁消费,AI生成,未审核,,
X0599,晚饭是六点半吃还是八点吃，要看几点从这儿出发，几点出发嘛，就看大家在店里挑得顺不顺了。,威胁消费,AI生成,未审核,,
X0600,后面几个景点我都熟，哪儿值得多停、哪儿一带而过，全在我一句话，也全在大家今天这一站。,威胁消费,AI生成,未审核,,
X0601,我不说重话，就提醒一下，昨天那个团在这家店一件没拿，第二天的车就换成了小中巴。,威胁消费,AI生成,未审核,,
X0602,车上还有几位一直没动的朋友，我不点名，进园前大家再想想，讲解我是要分批安排的。,威胁消费,AI生成,未审核,,
X0603,明天的环湖电瓶车一共就二十个名额，我先给今天有收获的朋友报上去。,威胁消费,AI生成,未审核,,
X0604,这一站结束，买了东西的朋友举个手，我好记一下，明天分座位、分房间都会参考。,威胁消费,AI生成,未审核,,
X0605,阿姨，您先坐，喝口茶，你们导游说了，这一站走得好，后面几天都给大家安排好吃好住。,威胁消费,AI生成,未审核,,
X0606,帅哥，你们赵导可交代了，今天这单要是成了，下午他带你们去个人少景好的地方。,威胁消费,AI生成,未审核,,
X0607,你们何导后面几天带得轻不轻松，跟今天这单关系不小，他轻松了，大家玩得也舒心。,威胁消费,AI生成,未审核,,
X0608,这样，我今天做个主，各位每人带一样小东西走，我让司机在洱海边那个观景台多停二十分钟。,威胁消费,AI生成,未审核,,
X0609,姐姐，买满358元就能登记，周导说登记过的明天坐前排，进景点也排在前头。,威胁消费,AI生成,未审核,,
X0610,大家别光看不拿啊，你们周导在外面一直问我情况，他下午怎么安排，多少得看我这边怎么回。,威胁消费,AI生成,未审核,,
X0611,各位，咱们这儿有个惯例，成交过三单的团，我们会跟旅行社那边美言几句，你们的行程也顺很多。,威胁消费,AI生成,未审核,,
X0612,哥，您要是真不想买，我也不强求，就是待会儿导游问起来，我只能照实说，后面怎么排我就管不着了。,威胁消费,AI生成,未审核,,边界例句
X0613,我跑这条线十几年了，哪个团在店里大方，回去我就开那条风景好的老路，大家心里有数就行。,威胁消费,AI生成,未审核,,
X0614,车上小冰箱里的矿泉水本来是送大家的，周导说先等等，看出了店再说。,威胁消费,AI生成,未审核,,边界例句
X0615,从这儿到石林大概90分钟，路有两条，走哪条看周导，周导嘛，就看大家今天在店里怎么样了。,威胁消费,AI生成,未审核,,
X0616,一会儿到了石林，是我带着大家一个景一个景讲过去，还是发张地图各自转，出了店我就决定。,威胁消费,AI生成,未审核,,
X0617,我把话说在前头，今天这个店大家帮我一把，明天的大理古城我陪大家逛到天黑都行。,威胁消费,AI生成,未审核,,
X0618,合同上写的是石林游览2小时，实际能给多少，我说了还算一点数，这就看大家了。,威胁消费,AI生成,未审核,,
X0619,各位，我也是打工的，今天这一站要是空了，明天我就只能按最省事的办法带大家，这不是我想的。,威胁消费,AI生成,未审核,,
X0620,有几位朋友说想去拍日出，可以，我去跟司机商量加个早班车，就是今天大家得先帮我把这一站撑住。,威胁消费,AI生成,未审核,,
X0621,大家看我这一路，水也发了、伞也借了，就盼着这一站大家给我个回应，后面我才好接着这么张罗。,威胁消费,AI生成,未审核,,
X0622,讲解耳机一共就十五个，我先发给今天手上有东西的朋友，其他朋友跟紧一点就是了。,威胁消费,AI生成,未审核,,
X0623,晚上回酒店，成绩好的团先办入住，咱们要是落在后头，可能就得在大堂多等一会儿了。,威胁消费,AI生成,未审核,,
X0624,今天上午就一个店，大家进去用点心，中午我就带大家去吃那家要排队的米线，不用赶时间。,威胁消费,AI生成,未审核,,
X0625,后排的大姐刚问我能不能多讲讲洱海，当然能，这一站大家多拿点，路上我给大家讲个够。,威胁消费,AI生成,未审核,,
X0626,集合暂定14:30，店里要是都有收获，咱们准点走，到洱海还赶得上坐游船。,威胁消费,AI生成,未审核,,边界例句
X0627,大家刚才说想多看看石林里头的小石林，可以，只要咱们团这一站过得去，我就往里多带一段。,威胁消费,AI生成,未审核,,
X0628,店里还有二十分钟，大家多转转，转出点名堂来，明天的安排我就有底气了。,威胁消费,AI生成,未审核,,
X0629,我也不为难大家，一家买一样，哪怕是一包鲜花饼，下午集合我就不卡时间了。,威胁消费,AI生成,未审核,,
X0630,今天你们团的情况我等会儿要报给旅行社，报得好看，你们后面的车、房、景点都能往好里排。,威胁消费,AI生成,未审核,,
X0631,小妹妹，这个银镯子不贵，戴着也好看，买一个吧，你们导游下午才好带你们去那个拍照的地方。,威胁消费,AI生成,未审核,,
X0632,大家听我一句，咱们凑个整，每家拿个两百块的东西，周导明天的座位和时间都好商量。,威胁消费,AI生成,未审核,,
X0633,今晚澄溪假日酒店的湖景房就那么几间，谁先给店里捧个场，我就先把谁的名字报上去。,威胁消费,AI生成,未审核,,
X0634,远山客栈和临湖酒店都订得到，最后落哪一家，说白了跟下午大家手里拎没拎袋子有关系。,威胁消费,AI生成,未审核,,
X0635,前台问我要几间高楼层，我还没回话呢，等大家从晓月银坊出来，我心里有数了再定。,威胁消费,AI生成,未审核,,
X0636,酒店早餐是按档次报的，团里这两天要是有起色，我就去申请带自助的那一档。,威胁消费,AI生成,未审核,,
X0637,标准间一晚三百八十块，湖景房六百块，中间这个差价我得从别处找补，大家明白吧。,威胁消费,AI生成,未审核,,
X0638,张经理跟我是老交情，可人家给不给升房，也得看我这个团在店里交的成绩单。,威胁消费,AI生成,未审核,,
X0639,分房表我晚点再贴，等大家在暮山特产超市逛完了，我好排得周到一些。,威胁消费,AI生成,未审核,,
X0640,今天这家离古城远了点，明天大家要是给力一点，我想办法换到湖边那家去。,威胁消费,AI生成,未审核,,
X0641,二楼朝湖那几间，我先给刚才买了茶的几位大哥大姐留着，其他朋友先委屈一下。,威胁消费,AI生成,未审核,,
X0642,你们团的消费额度要是上得去，我这边升房型，跟旅行社也好交代。,威胁消费,AI生成,未审核,,
X0643,杨导跟我打过招呼了，房间怎么排，要等他把今天的单子报过来才定。,威胁消费,AI生成,未审核,,
X0644,澄溪假日酒店那边还能腾出几间好房，我去不去要，等明天那家玉石馆逛完再说。,威胁消费,AI生成,未审核,,
X0645,今晚原本是八菜一汤，大家要是在雾林茶舍多少带一点，我去跟老板商量加个汽锅鸡。,威胁消费,AI生成,未审核,,
X0646,午饭去江边那家还是路口那家，就看上午这一站大家帮不帮衬了。,威胁消费,AI生成,未审核,,
X0647,餐厅老板刚问我咱们团今天怎么样，我要是能跟他说买得挺好，晚饭他就多上两个菜。,威胁消费,AI生成,未审核,,
X0648,中午那家馆子跟周导熟，团里买得多，桌上就能多两个硬菜，这都是老规矩了。,威胁消费,AI生成,未审核,,
X0649,你们周导刚才还说，中午给大家订的是好位置，就盼着大家在我们这儿开个张。,威胁消费,AI生成,未审核,,
X0650,本地那几道特色菜得提前跟后厨打招呼，今天店里要是冷冷清清的，这个电话我都不好意思打。,威胁消费,AI生成,未审核,,
X0651,明天中午那家餐厅得提前订，订哪个档次，我得先看今天的单子。,威胁消费,AI生成,未审核,,
X0652,餐厅这边按旅行社报的标准出菜，要加菜得李导点头，他说要看团里下午怎么样。,威胁消费,AI生成,未审核,,
X0653,石林的门票我还没出，几点进、走大线还是小线，等大家从青黛玉石馆出来再说。,威胁消费,AI生成,未审核,,
X0654,团体通道我能去争取，可争取要面子，这个面子得靠大家上午帮我挣回来。,威胁消费,AI生成,未审核,,
X0655,门票是含的，可下午三点四十那批入园名额紧，要不要我去抢，就看各位配不配合了。,威胁消费,AI生成,未审核,,
X0656,车能不能提前开到景区门口占个好位置，我得听何导的，她说要看大家在超市那边怎么样。,威胁消费,AI生成,未审核,,
X0657,环湖电瓶车六十块一位，全团都报我就去包一辆，不然只能排公共的，等多久我可说不好。,威胁消费,AI生成,未审核,,边界例句
X0658,望湖索道180元一位，自愿报名啊，就是不坐的朋友，下山集合我可没法等太久。,威胁消费,AI生成,未审核,,边界例句
X0659,云上花间今晚那场，报了的朋友车接车送，没报的就在客栈歇着，车我就不单独派了。,威胁消费,AI生成,未审核,,
X0660,洱海游船上下两层差得多，谁报了自费项目，我就先把谁安排到上层去。,威胁消费,AI生成,未审核,,
X0661,今天报名的才七个，凑不到十五个的话，明天一路上的服务我也只能按最基本的来。,威胁消费,AI生成,未审核,,
X0662,望湖索道和环湖电瓶车，挑一个报就行，要是一个都不挑，后面好位置我也不好替大家争。,威胁消费,AI生成,未审核,,
X0663,你们这团要是一件不买，我跟你们导游也不好说，他晚上还得去跟酒店谈房呢。,威胁消费,AI生成,未审核,,
X0664,我们老板跟临湖酒店有合作，在这儿消费满两千块，晚上就能给你们换湖景房。,威胁消费,AI生成,未审核,,边界例句
X0665,公司那边说了，这个团的数字再上不去，明天可能就换个导游来带，我是真舍不得大家。,威胁消费,AI生成,未审核,,
X0666,后面几天还是不是我陪着大家，我自己说了不算，大家想让我接着带，就拉我一把。,威胁消费,AI生成,未审核,,
X0667,丽江那三天是我继续带还是换人，我心里也没底，就看眼下这两站了。,威胁消费,AI生成,未审核,,
X0668,要是社里真换了导游，新来的不熟悉大家，照顾得周不周到就难说了，明天多帮衬点。,威胁消费,AI生成,未审核,,边界例句
X0669,计调问我这个团还派不派周导，我说先看看明天店里的情况再回他。,威胁消费,AI生成,未审核,,
X0670,明早几点到酒店接人，我得等陈导报单子，她说今天店里好看，就让大家多睡会儿。,威胁消费,AI生成,未审核,,
X0671,车上前两排一般留给帮衬多的朋友，这个规矩跑过团的都懂。,威胁消费,AI生成,未审核,,
X0672,从景区门口绕不绕近路回酒店，我得听赵导的，他要看大家今天下午的情况。,威胁消费,AI生成,未审核,,
X0673,晚上谁想去古城转转，我可以顺路送，前提是大家今天让马导好交差。,威胁消费,AI生成,未审核,,
X0674,房间都给你们留着，就等导游跟店里结完账、把档次定下来，我才好分房。,威胁消费,AI生成,未审核,,
X0675,旅行社给的价只够住标间，要升级的话，你们导游说得看团里消费情况再补。,威胁消费,AI生成,未审核,,
X0676,我们餐厅能加两个特色菜，刘导说了算，他刚才讲要看下午大家在店里的表现。,威胁消费,AI生成,未审核,,
X0677,明早六点半出发去石林，今天大家要是给面子，我就跟师傅商量推到七点十分。,威胁消费,AI生成,未审核,,
X0678,晚饭七点开，原定十人一桌八菜一汤，今天店里要是能过一万，我去申请十菜一汤。,威胁消费,AI生成,未审核,,
X0679,刚才那家店整团才卖了900多块，酒店升级的事我只能先放一放了。,威胁消费,AI生成,未审核,,
X0680,明天门票是9:30入园那批，大家今天要是给力，我去换成8:50的早场，人少好拍照。,威胁消费,AI生成,未审核,,
X0681,一张门票一百三十块，团费里早付过了，可几点放进去、从哪个口进，这里面学问大着呢。,威胁消费,AI生成,未审核,,
X0682,后天中午是每人四十块的餐标，能不能吃得像样一点，全凭大家这两站捧不捧场。,威胁消费,AI生成,未审核,,
X0683,我们社里的规矩是人均消费过800元，酒店才给升一档，现在离这个数还差一大截。,威胁消费,AI生成,未审核,,边界例句
X0684,远山客栈就剩三间带阳台的，我想留给咱们团，可跟老板开口得有个由头，大家帮我挣一个。,威胁消费,AI生成,未审核,,
X0685,今晚酒店我订了两个方案，好的那个要多贴钱，这钱从哪儿出，大家心里明白。,威胁消费,AI生成,未审核,,
X0686,二十四小时热水的那家，和只有晚上供水的那家，就差在明天这一站上了。,威胁消费,AI生成,未审核,,
X0687,今天中午的菌子火锅是我额外争取来的，明天还吃不吃得上，就看各位在茶舍的手笔了。,威胁消费,AI生成,未审核,,
X0688,包间这东西是要面子才排得出来的，大家今天给我面子，明天我就给大家面子。,威胁消费,AI生成,未审核,,
X0689,晚饭那家老板托我带句话，团里要是帮他带点鲜花饼，菜量就给咱们加足。,威胁消费,AI生成,未审核,,边界例句
X0690,景区团体票我还没取，取早场还是午场，社里说要等今天店里的数报上去再定。,威胁消费,AI生成,未审核,,
X0691,今天要是在银坊给我撑足了场面，到景区门口我就能帮大家少排半个钟头。,威胁消费,AI生成,未审核,,
X0692,进园以后我可以讲全程，也可以讲到半路让大家自己逛，这就看大家下午的诚意了。,威胁消费,AI生成,未审核,,
X0693,云上花间280元一位，报满20个人，我就去把晚上那顿升级成特色宴。,威胁消费,AI生成,未审核,,边界例句
X0694,自费项目不强求，报了的明早可以晚一个钟头出发，没报的就跟早班车先走。,威胁消费,AI生成,未审核,,边界例句
X0695,电瓶车不坐也行，就是那段路走下来要四十多分钟，到时候我也派不出车回头接。,威胁消费,AI生成,未审核,,边界例句
X0696,今晚三个自费项目，咱们团要是一个都不报，社里可能就觉得这个团不用多投入了。,威胁消费,AI生成,未审核,,
X0697,望湖索道的报名表我放前排了，往常名单报得满的团，社里排房都会大方一点。,威胁消费,AI生成,未审核,,
X0698,景点该看的都会看，只是看得从容还是匆忙，跟各位今天的心意多少有点关系。,威胁消费,AI生成,未审核,,
X0699,我在临湖酒店那边说得上话，可说话要底气，底气就是大家手里的购物袋。,威胁消费,AI生成,未审核,,
X0700,房间名单下午五点二十交给前台，在那之前，大家还有机会让我排得漂亮点。,威胁消费,AI生成,未审核,,
X0701,明早的早餐券我还没去领，领中式的还是自助的，等我跟社里对完今天的账再说。,威胁消费,AI生成,未审核,,
X0702,双廊的客栈有临水的也有靠街的，订哪种，我想听听大家明天进店以后的意思。,威胁消费,AI生成,未审核,,
X0703,不是我多嘴，导游带你们来一趟也不容易，今晚房间怎么排，还得看他回去怎么报。,威胁消费,AI生成,未审核,,
X0704,阿姨，明天进景区要排队的，您在这儿挑一件，我让同事帮你们团约个早点的时段。,威胁消费,AI生成,未审核,,边界例句
X0705,姐，你们这一路就数今天这站最要紧，买了的晚上住得舒服，这可是杨导亲口说的。,威胁消费,AI生成,未审核,,
X0706,你们导游交代过，消费单我这边要报给他，他再拿去跟酒店说房间的事。,威胁消费,AI生成,未审核,,
X0707,有几位问能不能单独住一间，能办，就是得我去开口，大家也得让我开得了这个口。,威胁消费,AI生成,未审核,,
X0708,晚上房间要是不够，可能得有几位拼一下，买过东西的朋友我肯定先照顾。,威胁消费,AI生成,未审核,,
X0709,明早去景区的车，大车坐着宽敞，小车挤一点，社里派哪辆，要看咱们团这两天的数字。,威胁消费,AI生成,未审核,,
X0710,江边那家一桌一千二百块，社里只批六百，剩下那个口子，就靠大家下午在超市帮我补上了。,威胁消费,AI生成,未审核,,边界例句
X0711,你们团是赵导带的吧？他说今天店里要是顺利，晚上就让我给你们换带窗的大房间。,威胁消费,AI生成,未审核,,
X0712,社里排团是看成绩的，这个团带得好不好看，决定下个月我还有没有团带，大家体谅一下。,威胁消费,AI生成,未审核,,
X0713,今晚酒店有场茶艺体验，一位98元，大家都报了，明天进园我就去打招呼走快线。,威胁消费,AI生成,未审核,,
X0714,这一路吃住行哪一样不用我去跑？大家手上松一松，我跑起来腿也轻快。,威胁消费,AI生成,未审核,,
X0715,刘导，停车场满了，我只能停到前面那条街，集合点得换一下。,正常讲解,AI生成,未审核,,边界例句
X0716,集合地点从北门改到东门，车就停在东门外面，大家记一下。,正常讲解,AI生成,未审核,,边界例句
X0717,明天全照原计划，七点半早餐，八点四十从酒店出发去双廊。,正常讲解,AI生成,未审核,,
X0718,这种竖着的沟槽每根石柱上都有，下雨的时候水就顺着它往下淌。,正常讲解,AI生成,未审核,,
X0719,李导，这些石头得花多少年才能变成现在这个样子啊？,正常讲解,AI生成,未审核,,
X0720,具体多少年我就不乱说了，只能说时间非常非常长，比我们想的久得多。,正常讲解,AI生成,未审核,,边界例句
X0721,等一下上观景台，站高一点往下看，石峰一片连着一片，名字怎么来的一眼就明白。,正常讲解,AI生成,未审核,,
X0722,中午太阳直射，石头又反光，进石林之前墨镜和遮阳帽都戴上。,正常讲解,AI生成,未审核,,
X0723,背阴的石缝边上长了青苔，下过雨踩上去很滑，大家尽量走中间的步道。,正常讲解,AI生成,未审核,,
X0724,每个岔路口都立着指示牌，万一看不到我，就跟着标着出口的箭头走。,正常讲解,AI生成,未审核,,
X0725,杨导，听说这些石头以前都在海底下，真的假的？,正常讲解,AI生成,未审核,,边界例句
X0726,就算是阴天，石林这边紫外线也不弱，脸和脖子都要擦防晒。,正常讲解,AI生成,未审核,,
X0727,石缝里晒不到太阳，比外面凉快不少，进去之前外套先别脱。,正常讲解,AI生成,未审核,,
X0728,现在是下午两点十分，我先在这儿讲一刻钟，然后沿着步道往里走。,正常讲解,AI生成,未审核,,
X0729,石林停车场到了，入口在左手边，四点二十回到这辆车上。,正常讲解,AI生成,未审核,,
X0730,门口有卖帽子的，不过车上我备了几顶遮阳帽，没带的朋友先拿去戴。,正常讲解,AI生成,未审核,,边界例句
X0731,大理古城夹在苍山和洱海中间，一边是山，一边是水，位置特别好。,正常讲解,AI生成,未审核,,
X0732,大理有个老说法叫风花雪月，就是下关风、上关花、苍山雪、洱海月。,正常讲解,AI生成,未审核,,
X0733,说到下关风，大理这边下午风确实大，帽子最好系根绳。,正常讲解,AI生成,未审核,,
X0734,咱们从南门进城，一路往北逛，四点半在北门门口集合。,正常讲解,AI生成,未审核,,
X0735,晚上古城灯一亮特别好看，就是有的巷子光线暗，下台阶前先看清楚。,正常讲解,AI生成,未审核,,
X0736,大理白天晒得发烫，早晚又凉，里面穿短袖，外面套件薄外套最合适。,正常讲解,AI生成,未审核,,
X0737,外面下雨了，石板路滑，各位出门慢一点，伞记得拿好。,正常讲解,AI生成,未审核,,边界例句
X0738,冬春两季苍山顶上常有积雪，风花雪月里的苍山雪说的就是它。,正常讲解,AI生成,未审核,,
X0739,城门那段台阶又高又陡，上下的时候扶好栏杆，别边走边看手机。,正常讲解,AI生成,未审核,,
X0740,古城里小店多，逛起来容易忘了时间，大家定个闹钟，五点一刻城门口见。,正常讲解,AI生成,未审核,,边界例句
X0741,洱海是高原上的淡水湖，在云南按面积排第二，排第一的是滇池。,正常讲解,AI生成,未审核,,
X0742,洱海这个名字，一般的说法是湖的形状有点像人的耳朵。,正常讲解,AI生成,未审核,,
X0743,湖边一点遮挡都没有，太阳直接晒下来，防晒衣最好穿长袖的。,正常讲解,AI生成,未审核,,
X0744,想看洱海日出的朋友，明早六点四十大堂集合，天冷多穿一件。,正常讲解,AI生成,未审核,,
X0745,到了洱海边别往水里扔东西，喝完的瓶子、用过的纸巾都带回车上扔。,正常讲解,AI生成,未审核,,
X0746,环湖路弯多，骑车的人也多，我开慢一点，大家别把手伸到窗外。,正常讲解,AI生成,未审核,,
X0747,骑到路口先停一停，左右看清楚再过，后面的人跟上，别抢道。,正常讲解,AI生成,未审核,,
X0748,原来苍山在西边、洱海在东边，那下午在西岸拍洱海，太阳正好在背后。,正常讲解,AI生成,未审核,,
X0749,坐环湖电瓶车的时候外侧风大，帽子先摘下来拿在手上。,正常讲解,AI生成,未审核,,
X0750,临湖酒店的露台晚上风很大，出去看星星记得披件外套。,正常讲解,AI生成,未审核,,边界例句
X0751,喜洲那边是大片农田，拍照站在田埂上就好，别踩进地里。,正常讲解,AI生成,未审核,,
X0752,丽江古城是世界文化遗产，老房子大家只看不摸，墙上千万别写字。,正常讲解,AI生成,未审核,,
X0753,四方街差不多是古城的中心，走散了就往四方街去，我在那儿等。,正常讲解,AI生成,未审核,,
X0754,看到入口那个大水车没有？待会儿集合就定在水车旁边。,正常讲解,AI生成,未审核,,
X0755,丽江古城海拔两千四百米左右，比昆明高出五百多米，走快了会有点喘。,正常讲解,AI生成,未审核,,
X0756,古城里小水渠到处都是，晚上光线暗，走路别贴着水边。,正常讲解,AI生成,未审核,,
X0757,这里的石板路被踩得很光，下雨天跟抹了油似的，鞋底一定要防滑。,正常讲解,AI生成,未审核,,
X0758,天气好的时候，在古城地势高一点的地方能看到玉龙雪山。,正常讲解,AI生成,未审核,,
X0759,太阳一下山，丽江马上就凉下来，冲锋衣放在车上的朋友现在去拿。,正常讲解,AI生成,未审核,,
X0760,何导，晚上在古城里逛，最晚几点要回客栈？,正常讲解,AI生成,未审核,,
X0761,十点半以前回远山客栈就行，巷子里黑，最好两三个人结伴走。,正常讲解,AI生成,未审核,,
X0762,古城巷子七拐八拐，大家先把客栈的定位存进手机，绕晕了就导航回来。,正常讲解,AI生成,未审核,,
X0763,明天去丽江，出发时间不变，就是那边比大理冷，厚衣服放在箱子最上面。,正常讲解,AI生成,未审核,,边界例句
X0764,滇池是云南面积最大的淡水湖，大家眼前看到的只是其中一小片。,正常讲解,AI生成,未审核,,
X0765,从大坝往对岸看，那座山就是西山，远看像一个人平躺着，所以也有人叫它睡美人。,正常讲解,AI生成,未审核,,
X0766,红嘴鸥一般11月前后飞到昆明，第二年3月左右陆续飞走。,正常讲解,AI生成,未审核,,
X0767,大坝紧挨着水面，风从湖上直接吹过来，体感比市区要冷不少。,正常讲解,AI生成,未审核,,
X0768,刘导，红嘴鸥冬天飞来昆明，那夏天它们都去哪儿了？,正常讲解,AI生成,未审核,,
X0769,天气暖和了它们就往北飞，到了冬天再飞回来，所以只有冬天看得到。,正常讲解,AI生成,未审核,,
X0770,喂鸥的时候大家一直仰着头，脚下有台阶，先站稳了再抬头看。,正常讲解,AI生成,未审核,,
X0771,我在大坝路口把大家放下，再去停车场，十二点十分还在这儿接。,正常讲解,AI生成,未审核,,
X0772,鸟群飞过来的时候别尖叫、别挥手，站着不动，拍出来反而更好看。,正常讲解,AI生成,未审核,,
X0773,昆明有句老话叫一雨成冬，一下雨气温马上就降，今天大家多穿点。,正常讲解,AI生成,未审核,,
X0774,云南一般五月到十月是雨季，阵雨说来就来，伞放在包里随手能拿到的地方。,正常讲解,AI生成,未审核,,
X0775,高原上紫外线强，晒伤了一开始还不觉得，墨镜、帽子、防晒霜三样都备好。,正常讲解,AI生成,未审核,,
X0776,今天最高二十二度，最低才九度，大家出门把外套带上。,正常讲解,AI生成,未审核,,
X0777,今天穿运动鞋最好，穿凉鞋走石板路容易崴脚。,正常讲解,AI生成,未审核,,
X0778,李导，明天要不要带羽绒服？我看手机上说早上只有五度。,正常讲解,AI生成,未审核,,
X0779,带件薄的就够了，早上冷就穿着，中午太阳出来了脱下来塞包里。,正常讲解,AI生成,未审核,,
X0780,7:30早餐，8:10上车，今天要上山，外套别落在房间里。,正常讲解,AI生成,未审核,,
X0781,车里开着暖风，外面风凉，大家先把外套穿好再下车。,正常讲解,AI生成,未审核,,
X0782,各位，明早外面只有六七度，早餐厅在一楼，下来吃饭前多穿一件。,正常讲解,AI生成,未审核,,边界例句
X0783,雨衣比雨伞方便一些，走台阶的时候两只手能空出来扶栏杆。,正常讲解,AI生成,未审核,,
X0784,打雷的时候别躲到大树底下，往有屋檐的地方去。,正常讲解,AI生成,未审核,,
X0785,空调对着头吹的朋友把出风口拨开，下车一冷一热容易着凉。,正常讲解,AI生成,未审核,,
X0786,中午晒成这样，赵导，下午出去是不是得再补一遍防晒？,正常讲解,AI生成,未审核,,
X0787,衣服就按洋葱的穿法，一层套一层，热了脱一件，冷了加一件。,正常讲解,AI生成,未审核,,
X0788,石林景区很大，主步道走下来大概两个小时，水一定要带够。,正常讲解,AI生成,未审核,,
X0789,从这里到洱海边走路十分钟左右，路上车多，大家靠右排成一队。,正常讲解,AI生成,未审核,,
X0790,海埂大坝挺长的，咱们只走中间这一段，三点整回到停车场。,正常讲解,AI生成,未审核,,
X0791,坐望湖索道上去温度要低个三四度，上面风也大，外套穿上再排队。,正常讲解,AI生成,未审核,,
X0792,今天15:40在停车场集合，16:00准时发车回酒店。,正常讲解,AI生成,未审核,,
X0793,下午车上太阳晒得厉害，靠窗的朋友把帘子拉上，二十分钟就到洱海边。,正常讲解,AI生成,未审核,,
X0794,前面要上坡了，路边有雾，我把雾灯打开，大家安全带系好。,正常讲解,AI生成,未审核,,
X0795,进古城以后巷子窄、人又多，大家跟紧小红旗，下午两点五十从原路出来，我在门口点人数。,正常讲解,AI生成,未审核,,
X0796,湖边的木栈道刚下过雨，有几块板子松动了，大家一个一个慢慢过。,正常讲解,AI生成,未审核,,
X0797,四点五十还是在大坝停车场集合对吧？我先把闹钟定好。,正常讲解,AI生成,未审核,,
X0798,手机上看紫外线指数到了7，算比较强的，大家尽量往树荫底下站。,正常讲解,AI生成,未审核,,
X0799,今天石林中午能到二十七八度，下车的时候大家多带一瓶水。,正常讲解,AI生成,未审核,,
X0800,沿湖这一段走走停停差不多五十分钟，十点半大家回到这棵大树底下。,正常讲解,AI生成,未审核,,
X0801,听我说一下啊，吃完午饭大家到餐厅门口那棵大榕树底下等我，一点二十，人齐了就走。,正常讲解,AI生成,未审核,,
X0802,明天的集合时间跟今天一样，没有变，还是七点五十大堂见。,正常讲解,AI生成,未审核,,边界例句
X0803,周导，我们出来以后去哪儿找你？,正常讲解,AI生成,未审核,,
X0804,从进来那个门出来就行，门口立着一块大石碑，很好找。,正常讲解,AI生成,未审核,,
X0805,现在两点零五分，大家对一下手表，四点整在望湖索道下站集合。,正常讲解,AI生成,未审核,,
X0806,晚上的集合点放在酒店侧门，那边好停车，七点十分我在门口等。,正常讲解,AI生成,未审核,,
X0807,一会儿我在群里发个定位，找不到路的朋友照着定位走过来就行。,正常讲解,AI生成,未审核,,
X0808,杨导，刚才没听清，是三点半集合还是三点四十？,正常讲解,AI生成,未审核,,
X0809,三点四十，就在这个牌坊底下，我再往群里发一遍。,正常讲解,AI生成,未审核,,
X0810,先到的朋友在树荫底下歇一歇，还差两位，人一到我们就上车。,正常讲解,AI生成,未审核,,边界例句
X0811,我点一下人数啊，一、二、三……二十六，全齐了，那咱们出发。,正常讲解,AI生成,未审核,,
X0812,等车的时候别站在马路牙子上，往人行道里面靠一靠，进出的车多。,正常讲解,AI生成,未审核,,
X0813,明天早餐六点半开始，在二楼餐厅，吃完直接到一楼大堂跟导游会合。,正常讲解,AI生成,未审核,,
X0814,坐望湖索道的时候别在车厢里晃，手也别伸出窗外，坐稳了看风景。,正常讲解,AI生成,未审核,,
X0815,晚上回了房间把门反锁好，有人敲门先问清楚再开。,正常讲解,AI生成,未审核,,
X0816,环湖电瓶车上没有门，转弯时身子往里靠，小朋友坐在大人里侧。,正常讲解,AI生成,未审核,,
X0817,这家的砂锅端上来特别烫，带小朋友的家长帮孩子盛一下。,正常讲解,AI生成,未审核,,
X0818,相机、身份证这些别放进行李舱，自己背在身上更放心。,正常讲解,AI生成,未审核,,
X0819,小朋友别跑到水边去玩，洱海边浪打上来石头湿滑，家长牵着点。,正常讲解,AI生成,未审核,,
X0820,酒店泳池晚上九点关闭，救生员不在的时候请大家不要下水。,正常讲解,AI生成,未审核,,
X0821,车门没打开之前，大家先别解安全带，等我把车停稳。,正常讲解,AI生成,未审核,,
X0822,看云上花间的时候场内会暗下来，中途起身的朋友注意脚下台阶。,正常讲解,AI生成,未审核,,
X0823,容易晕车的朋友坐到前面几排来，窗户可以开一条小缝。,正常讲解,AI生成,未审核,,
X0824,展柜是玻璃的，边角有点尖，带孩子的家长看好小朋友，别让他跑。,正常讲解,AI生成,未审核,,边界例句
X0825,手机电量不多的朋友先在车上充一会儿，下午在景区全靠手机联系。,正常讲解,AI生成,未审核,,
X0826,今天就是行程单上写的那样，上午石林，下午回昆明，大家照着单子看就行。,正常讲解,AI生成,未审核,,边界例句
X0827,按计划今晚住远山客栈，明天一早出发去丽江。,正常讲解,AI生成,未审核,,
X0828,跟大家讲讲明天的路线，早上先去喜洲，中午在那边吃饭，下午沿洱海骑车。,正常讲解,AI生成,未审核,,
X0829,大理到丽江这一段走高速，两个多小时，中午之前就到了。,正常讲解,AI生成,未审核,,
X0830,第三天整天都留给丽江古城，不坐车，走累了随时找地方歇脚。,正常讲解,AI生成,未审核,,
X0831,今天走的全是高速，路很平，想睡觉的朋友把椅背放下来一点。,正常讲解,AI生成,未审核,,
X0832,晚上的云上花间本来就在行程里，七点半开演，吃完晚饭咱们一起走过去。,正常讲解,AI生成,未审核,,边界例句
X0833,到了丽江先办入住，休息一个钟头，四点钟再一起去古城。,正常讲解,AI生成,未审核,,
X0834,上午是这样安排的：先坐望湖索道上山看湖，下山以后换环湖电瓶车。,正常讲解,AI生成,未审核,,
X0835,按行程单，最后一天上午还有半天自由活动，下午统一送站。,正常讲解,AI生成,未审核,,
X0836,束河这一站大概待两个小时，逛完再回酒店吃晚饭。,正常讲解,AI生成,未审核,,
X0837,上车按座位坐，大家还坐昨天那个位置，我点人快一些。,正常讲解,AI生成,未审核,,
X0838,大件行李放下面行李舱，随身的小包拿上车，放头顶架子上。,正常讲解,AI生成,未审核,,
X0839,检票的时候身份证拿在手上，一个跟着一个过闸机，别挤。,正常讲解,AI生成,未审核,,
X0840,望湖索道一个车厢坐四个人，一家人排在一起，我在后面帮着分。,正常讲解,AI生成,未审核,,
X0841,下了车先在车头这边站一下，人齐了我带大家一起过马路。,正常讲解,AI生成,未审核,,
X0842,这里是临时停靠点，我停好以后大家从右边门下，留意后面过来的电动车。,正常讲解,AI生成,未审核,,
X0843,坐电瓶车的朋友排这边，想走路上去的跟我站那边。,正常讲解,AI生成,未审核,,
X0844,赵导，后排的人也从前门下吗？,正常讲解,AI生成,未审核,,
X0845,后门也开着，坐后面几排的就近走后门，别都挤到前头。,正常讲解,AI生成,未审核,,
X0846,进场按票上的排号找座位，从三号门进去往左手边走。,正常讲解,AI生成,未审核,,
X0847,办入住的朋友排一下队，身份证交给前台，房卡很快就做好。,正常讲解,AI生成,未审核,,
X0848,过道里的背包往座位底下塞一塞，让后面上来的朋友好走。,正常讲解,AI生成,未审核,,
X0849,电瓶车一趟坐十四个人，咱们三十个人分两趟，第一趟让老人和孩子先坐。,正常讲解,AI生成,未审核,,边界例句
X0850,这个角度是逆光，人拍出来脸发黑，换到那边顺光的位置好看多了。,正常讲解,AI生成,未审核,,
X0851,想拍苍山全景的，到观景台最上面那一层，视野最开阔。,正常讲解,AI生成,未审核,,
X0852,早上八九点光线最柔和，洱海边拍照最出片，明天想拍的可以早点下楼。,正常讲解,AI生成,未审核,,
X0853,拍完照往旁边让一让，别挡着步道，后面还有人要过。,正常讲解,AI生成,未审核,,
X0854,拍湖面之前把手机镜头擦一擦，这边水汽大，拍出来容易发虚。,正常讲解,AI生成,未审核,,
X0855,一会儿到山顶给大家拍张团体照，站成三排，个子矮的站前面。,正常讲解,AI生成,未审核,,
X0856,这条街下午四点以后人少一些，想拍空街的可以等到那个时候。,正常讲解,AI生成,未审核,,
X0857,拍照往后退的时候先回头看一眼，身后就是台阶。,正常讲解,AI生成,未审核,,
X0858,何导，我想拍张全家福，站哪儿能把苍山也带进去？,正常讲解,AI生成,未审核,,
X0859,往右边台阶上站，镜头稍微往上抬一点，山就能拍进来。,正常讲解,AI生成,未审核,,
X0860,拍城门楼的话蹲低一点往上拍，显得特别高大气派。,正常讲解,AI生成,未审核,,
X0861,我们团今天二十八位，加上我和师傅一共三十个人，进门的时候我按这个数报。,正常讲解,AI生成,未审核,,
X0862,导航显示还有二十三公里，快到酒店的时候我提前喊大家。,正常讲解,AI生成,未审核,,
X0863,今天分两辆车走，一号车跟着我，二号车跟着马导，上车前看一眼挡风玻璃上贴的数字。,正常讲解,AI生成,未审核,,
X0864,下午3点从停车场准时出发，车就停在B区第二排。,正常讲解,AI生成,未审核,,
X0865,里面有两个休息点，第一个在半山腰，有洗手间和座椅，走不动的可以在那儿等。,正常讲解,AI生成,未审核,,
X0866,大家把时间记好，16:30，2号门出口，我在那儿举着旗子等。,正常讲解,AI生成,未审核,,
X0867,这条步道全长1.5公里，一路都是缓坡，穿运动鞋走起来很轻松。,正常讲解,AI生成,未审核,,
X0868,上船以后先把救生衣穿好，扣子全部扣上，船上别来回走。,正常讲解,AI生成,未审核,,
X0869,人多的地方手机别揣在后裤兜里，被挤掉了自己都不知道。,正常讲解,AI生成,未审核,,
X0870,要拿行李架上的东西，等到服务区停了再拿，车开着别站起来。,正常讲解,AI生成,未审核,,
X0871,排队上索道的时候小朋友走在大人前面，大人在后面看着。,正常讲解,AI生成,未审核,,
X0872,晚上看完演出，出了剧场还是在来时下车的地方上车，九点半发车。,正常讲解,AI生成,未审核,,
X0873,陈导，明天早上几点在哪儿集合，我再确认一下。,正常讲解,AI生成,未审核,,
X0874,找不到同伴的话可以在门口这块休息区等，导游说了十一点在这里集合。,正常讲解,AI生成,未审核,,边界例句
X0875,嗯，嗯，对，您说得都对，那就先这样吧。,其他,AI生成,未审核,,
X0876,行，我拿本子记一下……嗯，记了，还有没有？没有就散了吧。,其他,AI生成,未审核,,
X0877,原来那位师傅家里有事请假了，公司派我接下面几天，路线还是照行程单跑。,其他,AI生成,未审核,,
X0878,下午换的是一辆三十三座的车，咱们团二十个人，每人都有座位。,其他,AI生成,未审核,,
X0879,外面起风了，您手里的袋子口扎紧一点，小心东西被吹出来。,其他,AI生成,未审核,,边界例句
X0880,下午有雨，房间里都配了雨伞，各位出门顺手带上，不用另外买。,其他,AI生成,未审核,,边界例句
X0881,出口在左手边，大家从这边排队出去，台阶下面就是停车场。,其他,AI生成,未审核,,边界例句
X0882,退房时间是中午12点，行李可以先寄存在前台，下午走的时候再来拿。,其他,AI生成,未审核,,边界例句
X0883,你们的车停在酒店后门，从大堂往右走到底就能看到。,其他,AI生成,未审核,,
X0884,买了茶叶的朋友，袋子放行李舱里，别搁座位上压着。,其他,AI生成,未审核,,边界例句
X0885,杨导，大家买的东西多，后备厢我先腾出地方放茶叶箱子。,其他,AI生成,未审核,,边界例句
X0886,各位晚上好，今天这桌菜还合大家的口味吧？,其他,AI生成,未审核,,
X0887,杨导早上好，昨晚那场雨把你吵醒没有？,其他,AI生成,未审核,,
X0888,哟，今天大家精神都不错，一个个都换上新衣服了。,其他,AI生成,未审核,,
X0889,我刚好在大理这边办点事，顺路过来跟各位见个面。,其他,AI生成,未审核,,
X0890,阿姨，您的围巾掉地上了，我帮您捡起来。,其他,AI生成,未审核,,
X0891,师傅，您贵姓啊？这几天就辛苦您了。,其他,AI生成,未审核,,
X0892,不用客气，叫我师傅就行，有啥事喊一声。,其他,AI生成,未审核,,
X0893,刘导，你今天这件红外套真精神，老远就看见你了。,其他,AI生成,未审核,,
X0894,早啊各位，今天谁起得最早？我在大堂就碰到两位了。,其他,AI生成,未审核,,
X0895,请问一下，洗手间是往前走还是往回走？,其他,AI生成,未审核,,
X0896,洗手间在二楼楼梯口，门上贴着标志呢。,其他,AI生成,未审核,,
X0897,师傅，麻烦把后排的灯打开一下，我找个耳机。,其他,AI生成,未审核,,
X0898,何导，咱们的车停在哪个出口来着？我刚才转晕了。,其他,AI生成,未审核,,
X0899,从这个门出去往右拐，看到那棵大榕树就是停车场。,其他,AI生成,未审核,,
X0900,小妹，请问去古城南门是走这条巷子吗？,其他,AI生成,未审核,,
X0901,对，顺着巷子一直往下走，大概五分钟就到。,其他,AI生成,未审核,,
X0902,劳驾，上楼的电梯是在大堂哪一头啊？,其他,AI生成,未审核,,
X0903,电梯在前台右手边，往里再走两步就是。,其他,AI生成,未审核,,
X0904,附近有便利店吗？我想去买瓶矿泉水。,其他,AI生成,未审核,,边界例句
X0905,过了马路就有一家便利店，开到晚上十一点，不着急。,其他,AI生成,未审核,,
X0906,对对对，我也是这么想的。,其他,AI生成,未审核,,
X0907,可不是嘛，人多热闹，吃饭都香一些。,其他,AI生成,未审核,,
X0908,你这话算是说到我心坎上了。,其他,AI生成,未审核,,
X0909,是嘛，这条路我跑了十几年，哪个弯在哪儿都记得。,其他,AI生成,未审核,,
X0910,行，这回我听你的。,其他,AI生成,未审核,,
X0911,今天这天蓝得跟画出来的一样，随手一拍都好看。,其他,AI生成,未审核,,
X0912,昆明这天气是真舒服，不冷不热的。,其他,AI生成,未审核,,
X0913,这个季节路边的花都开了，开着车窗吹吹风，人都舒坦。,其他,AI生成,未审核,,
X0914,我孙子今年刚上一年级，天天吵着要来看海鸥。,其他,AI生成,未审核,,
X0915,你家闺女多大了？看着跟我外甥女差不多高。,其他,AI生成,未审核,,
X0916,十四了，上初二，个子都快赶上我了。,其他,AI生成,未审核,,
X0917,我家小子也爱踢球，一到周末就往球场跑。,其他,AI生成,未审核,,
X0918,昨晚那场球你看了没？最后几分钟太刺激了。,其他,AI生成,未审核,,
X0919,看了看了，我在停车场里用手机看完的。,其他,AI生成,未审核,,
X0920,这双新鞋有点磨脚，早知道穿那双旧的了。,其他,AI生成,未审核,,
X0921,我包里带着创可贴，你先贴上一个。,其他,AI生成,未审核,,
X0922,小朋友真有礼貌，一进门就知道喊阿姨好。,其他,AI生成,未审核,,
X0923,我手机快没电了，谁有充电宝借我用用？,其他,AI生成,未审核,,
X0924,我这有，自带线的，你直接插上就行。,其他,AI生成,未审核,,
X0925,大家看，那边有只小狗一路跟着我们，好乖啊。,其他,AI生成,未审核,,
X0926,今天这路真顺，一个红灯都没碰上。,其他,AI生成,未审核,,
X0927,刚才那家的米线太香了，我一口气吃了两碗。,其他,AI生成,未审核,,
X0928,你们谁拍到刚才那只白鹭了？发一张给我呗。,其他,AI生成,未审核,,
X0929,我女儿去年也来这边玩过，回去天天念叨这里的云。,其他,AI生成,未审核,,
X0930,外头日头大，几位要不先在屋檐底下站会儿再走？,其他,AI生成,未审核,,边界例句
X0931,远山客栈院子里的三角梅开得真旺，跟一面花墙似的。,其他,AI生成,未审核,,
X0932,我老伴儿要是也来就好了，他最爱看湖。,其他,AI生成,未审核,,
X0933,小朋友，你书包上挂的那个是熊猫吗？,其他,AI生成,未审核,,
X0934,这里的云压得好低啊，感觉一伸手就能摸到。,其他,AI生成,未审核,,
X0935,说到吃，我自己最爱的还是早上一碗热乎乎的饵丝。,其他,AI生成,未审核,,边界例句
X0936,我家就在昆明城边上，跑完这趟能回家吃顿饭。,其他,AI生成,未审核,,
X0937,大姐，你这毛衣是手织的吧？针脚真细。,其他,AI生成,未审核,,
X0938,是我儿媳妇织的，织了整整一个冬天。,其他,AI生成,未审核,,
X0939,哎，你看那朵云，像不像一只兔子？,其他,AI生成,未审核,,
X0940,像，两只耳朵都竖起来了。,其他,AI生成,未审核,,
X0941,现在几点了？我这手表好像停了。,其他,AI生成,未审核,,
X0942,三点二十五，你那表该换电池了。,其他,AI生成,未审核,,
X0943,我们是十月三号从家出来的，到今天整整五天了。,其他,AI生成,未审核,,
X0944,我这车开了快八年，跑了三十多万公里了。,其他,AI生成,未审核,,
X0945,我今年六十八了，爬这点坡还不在话下。,其他,AI生成,未审核,,
X0946,我第一年带团才二十二岁，一晃十年过去了。,其他,AI生成,未审核,,
X0947,我住三楼，三零八，你们几位住几楼？,其他,AI生成,未审核,,
X0948,我们比你高两层，五一二，出电梯往左拐。,其他,AI生成,未审核,,
X0949,我在这条街上干了两年多，街坊都认识我。,其他,AI生成,未审核,,
X0950,我上午九点半到的，路上堵了快一个钟头。,其他,AI生成,未审核,,
X0951,我家那只猫今年都十五岁了，走之前托邻居帮忙喂着。,其他,AI生成,未审核,,
X0952,我刚翻相册，找到好几张10年前在这儿拍的老照片。,其他,AI生成,未审核,,
X0953,我闺女今天打了3个电话，生怕我在外头走丢了。,其他,AI生成,未审核,,
X0954,今天才18度，比昨天凉快多了。,其他,AI生成,未审核,,
X0955,我这手机里存了3000多张照片，内存都快满了。,其他,AI生成,未审核,,
X0956,我每天早上6点起床，先遛一圈狗再出门。,其他,AI生成,未审核,,
X0957,不好意思，借过一下，我去后排拿件外套。,其他,AI生成,未审核,,边界例句
X0958,我的钱包呢？哦，在外套内兜里，吓我一跳。,其他,AI生成,未审核,,边界例句
X0959,莫急莫急，你慢慢找，我们在旁边等你。,其他,AI生成,未审核,,边界例句
X0960,好，四点一刻望湖索道下面碰头，我手机上定个闹钟。,其他,AI生成,未审核,,边界例句
X0961,杨导，那边山顶上白白的一片是雪还是云啊？,其他,AI生成,未审核,,边界例句
X0962,师傅这车开得真稳，我一路都没晕。,其他,AI生成,未审核,,边界例句
X0963,谁的茶杯空了说一声，我让服务员再续点热水。,其他,AI生成,未审核,,边界例句
X0964,刚才赵导跟我说，大家这几天玩得挺开心，我也就放心了。,其他,AI生成,未审核,,边界例句
