type,name,groups,note
旅行社,云栖野渡旅行社,第 1 组,虚构
旅行社,鹿鸣七彩旅行社,第 2 组,虚构
旅行社,青岫远途旅行社,第 3 组,虚构
旅行社,拾光滇程旅行社,第 4 组,虚构
旅行社,雾隐行舟旅行社,第 5 组,虚构；剧本中故意出现“雾隐晚渡”“雾隐那家”等说错或简称
旅行社,松风晚渡旅行社,第 5 组,虚构；剧本中故意出现“松风行舟”等说错
旅行社,听澜百川旅行社,第 6 组,虚构
旅行社,半山观澜旅行社,第 7 组,虚构
旅行社,星野云途旅行社,第 8 组,虚构
店铺,暮山特产超市,第 1 组,虚构
店铺,雾林茶舍,第 1 组,虚构
店铺,青黛玉石馆,第 2 组,虚构
店铺,竹溪茶仓,第 2 组,虚构
店铺,晓月银坊,第 2、5 组,虚构；第 5 组剧本中故意出现“晓月阁”等说错
店铺,听松阁玉器行,第 5 组,虚构；第 5 组剧本中故意出现“听松坊”等说错
店铺,翠微坊珠宝店,第 5 组,虚构
店铺,锦程玉器城,第 6 组,虚构
品牌,百年茶语,第 5 组,虚构；剧本中故意出现“百年茶叶”的误听
酒店,澄溪假日酒店,第 3 组,虚构
酒店,远山客栈,第 3 组,虚构
酒店,临湖酒店,第 7 组,虚构
演出与设施,云上花间,第 4 组,虚构演出（演出名，书名号已去掉）
演出与设施,望湖索道,第 4 组,虚构
演出与设施,环湖电瓶车,第 4 组,虚构
人物称呼,周导,第 1 组,虚构，只用姓氏称呼
人物称呼,马导,第 2 组,虚构，只用姓氏称呼
人物称呼,李导,第 3 组,虚构，只用姓氏称呼
人物称呼,陈导,第 4 组,虚构，只用姓氏称呼
人物称呼,杨导,第 5 组,虚构，只用姓氏称呼
人物称呼,赵导,第 6 组,虚构，只用姓氏称呼
人物称呼,刘导,第 7 组,虚构，只用姓氏称呼
人物称呼,何导,第 8 组,虚构，只用姓氏称呼
人物称呼,张经理,第 3 组,虚构
号码·旅行社电话,0871-0000-6688,第 4 组,虚构，含“0000”号段，不对应真实号码
号码·导游证号,YN-0000-3721,第 4 组,虚构
号码·合同编号,HT-20260000-118,第 4 组,虚构
号码·订单号,DD-0000-5566,第 4 组,虚构
公共热线,12301,多个组,真实的公共服务热线，剧本中只作为投诉渠道提到
公共热线,12345,多个组,真实的公共服务热线，剧本中只作为投诉渠道提到
