script_id,group,line_no,speaker,text,direction,label,numbers,hotwords,effective_chars,note
G1-S1,1,1,导游,喂，喂？后面的朋友听得到吗？听得到的举个手。,（用车载扩音器）（扩音器先尖啸一声）,其他,,,18,
G1-S1,1,2,游客甲,听得到！,（坐在后排，提高声音）,其他,,,3,
G1-S1,1,3,导游,好，那我先简单介绍一下。我是云栖野渡旅行社的导游，我姓周，大家叫我周导就行。给我们开车的是司机师傅，开了二十多年车了，大家放心。,（用车载扩音器）,正常讲解,20多年,云栖野渡旅行社；周导,56,
G1-S1,1,4,司机,大家好。,（在驾驶座，未用扩音器，声音较远）,其他,,,3,
G1-S1,1,5,游客乙,师傅好。,（与上一句部分重叠）,其他,,,3,
G1-S1,1,6,导游,我们现在已经出了昆明，往石林方向开，走高速大概还要一个多小时。路上大家把安全带系好，哪里不舒服随时跟我说。,（用车载扩音器）,正常讲解,1个多小时,昆明；石林,48,
G1-S1,1,7,游客甲,好。,,其他,,,1,
G1-S1,1,8,导游,石林呢，是比较典型的喀斯特地貌。就是说，石灰岩经过很长时间的溶蚀，变成一根一根的石柱子，远远看过去像一片树林，所以叫石林。,（用车载扩音器）,正常讲解,,石林,54,
G1-S1,1,9,导游,里面台阶多，路也长，今天穿高跟鞋的朋友，嗯，那个，可能会有点辛苦。大家带好水和帽子。,（用车载扩音器）,正常讲解,,,35,
G1-S1,1,10,游客乙,还好我穿的是运动鞋。,（游客在后排小声说）,其他,,,9,
G1-S1,1,11,游客甲,嗯。,（小声）,其他,,,1,
G1-S1,1,12,导游,好，趁着路上还有点时间，跟大家聊聊这边的特产。来昆明玩，有两样东西大家多半都听说过，一个是鲜花饼，一个是普洱茶。,（过了一会儿）（车内安静约五秒，只有发动机声）（用车载扩音器）,购物安排,2样,昆明；鲜花饼；普洱茶,49,
G1-S1,1,13,导游,鲜花饼就是用食用玫瑰做馅儿的酥饼，皮是酥的，里面甜甜的，有一股花香，老人小孩都爱吃。,（用车载扩音器）,购物安排,,鲜花饼；食用玫瑰,37,
G1-S1,1,14,游客甲,这个我知道，我同事上回带过一盒，挺好吃的。,,购物安排,1盒,,18,
G1-S1,1,15,导游,对对对。普洱茶呢，分生茶和熟茶，生茶味道清一点，熟茶颜色深一点，喝起来醇一些。一般压成茶饼，常见的一饼是三百五十七克。,（用车载扩音器）,购物安排,1饼；357克,普洱茶；生茶；熟茶；茶饼,51,
G1-S1,1,16,司机,前面这段在修路，有点颠，大家坐稳啊。,（车辆颠簸）,正常讲解,,,15,
G1-S1,1,17,游客乙,哎哟。,（车辆颠簸时短促出声）,其他,,,2,
G1-S1,1,18,导游,没事吧大家？好。下午从石林出来，回昆明的路上，我们会在暮山特产超市停四十分钟。,（停顿约三秒）（用车载扩音器）,购物安排,40分钟,石林；昆明；暮山特产超市,34,
G1-S1,1,19,导游,里面鲜花饼、普洱茶、火腿、小粒咖啡都有。鲜花饼十个一盒，五十八块，买两盒送一个手提袋，坐飞机拎着也方便。,（用车载扩音器）,费用,10个/盒；58元；2盒；1个,鲜花饼；普洱茶；火腿；小粒咖啡,44,
G1-S1,1,20,游客甲,周导，那边能帮忙寄快递吗？我想给家里寄几盒。,,购物安排,,周导,19,
G1-S1,1,21,导游,可以的，超市里就能打包寄，邮费另外算。,（用车载扩音器）,购物安排,,,16,
G1-S1,1,22,游客甲,那行，到时候我去看看。,,购物安排,,,9,
G1-S1,1,23,游客乙,这种店里的东西肯定比外面贵，你别一下子买太多。,（游客在后排小声说）,购物安排,,,21,
G1-S1,1,24,游客甲,知道了。,（小声）,其他,,,3,
G1-S1,1,25,导游,后排那位朋友，您平时喝不喝普洱？,（用车载扩音器）,购物安排,,普洱,14,
G1-S1,1,26,游客乙,喝啊，家里还有好几饼没拆呢。,,购物安排,,,12,
G1-S1,1,27,导游,那正好可以对比一下嘛，我们那边的熟茶都是……,（用车载扩音器）（说到一半被打断）,购物安排,,熟茶,19,
G1-S1,1,28,游客乙,不用不用，我这次不买茶，真的。,（与上一句部分重叠）,购物安排,,,12,
G1-S1,1,29,导游,好，好，不买也没关系，进去看看、上个洗手间也行。,（停顿约两秒）,购物安排,,,19,
G1-S1,1,30,游客乙,嗯。,,其他,,,1,
G1-S1,1,31,司机,周导，前面收费站了。,（车辆减速）,其他,,周导,8,
G1-S1,1,32,导游,要得。,（放下扩音器，对司机说）,其他,,,2,
G1-S1,1,33,游客甲,周导，停超市会不会占石林的时间啊？,（车内安静约五秒，过收费站时有提示音）（提高声音）,行程变更,,周导；石林,15,
G1-S1,1,34,导游,不会不会，石林给大家留足两个半小时，超市是回来顺路停的，不影响。,（用车载扩音器）,行程变更,2.5小时,石林,28,
G1-S1,1,35,游客乙,那还行。,,其他,,,3,
G1-S1,1,36,游客乙,不过鲜花饼外面也就三四十块一盒吧？,（停顿约两秒）,费用,30-40元/盒,鲜花饼,16,
G1-S1,1,37,导游,那不一样，外面有的是机器做的，个头小，我们那边是当天现烤的。当然了，买不买都看大家自己。,（用车载扩音器）,购物安排,,,38,
G1-S1,1,38,游客乙,反正我是不买。,（游客在后排小声说）,购物安排,,,6,
G1-S1,1,39,游客甲,好好好，你不买，我买两盒总行了吧。,（小声）,购物安排,2盒,,14,
G1-S1,1,40,游客乙,行。,（小声）,其他,,,1,
G1-S1,1,41,导游,好，各位，马上到石林了，我把集合时间说一下，大家拿手机记一下。,（又过了一段时间）（车内安静约八秒）（用车载扩音器）,正常讲解,,石林,26,
G1-S1,1,42,游客甲,等一下等一下，我找一下手机。,,其他,,,12,
G1-S1,1,43,导游,好了吗？,（停顿约三秒）,其他,,,3,
G1-S1,1,44,游客甲,好了。,,其他,,,2,
G1-S1,1,45,导游,现在是九点五十，大概十点到停车场。进去以后前面一段跟着我走，后面自由活动，十二点在停车场集合，不是，我是说十二点半，就是等一下下车的这个地方。,（用车载扩音器）,正常讲解,9:50；10:00；12:00；12:30,,63,
G1-S1,1,46,导游,我们这辆车，前面贴着云栖野渡旅行社的牌子，大家认准了，别上错车。,（用车载扩音器）,正常讲解,,云栖野渡旅行社,28,
G1-S1,1,47,游客甲,十二点半，停车场，记住了。,,其他,12:30,,10,
G1-S1,1,48,导游,中午一点在景区外面吃团餐，团餐是含在团费里的，大家不用另外交钱。,（用车载扩音器）,费用,13:00,,29,
G1-S1,1,49,游客乙,好。,,其他,,,1,
G1-S1,1,50,司机,到了到了，大家等车停稳了再起来。,（车辆减速）（转向灯提示音持续）,正常讲解,,,14,
G1-S1,1,51,游客乙,知道了。,,其他,,,3,
G1-S1,1,52,导游,莫急莫急，前面的朋友先下。最后再说一遍，十二点半，停车场集合，大家准时啊。,（用车载扩音器）,正常讲解,12:30,,31,
G1-S1,1,53,游客甲,好嘞。,（与上一句部分重叠）,其他,,,2,
G1-S2,1,1,导游,各位，午饭都吃好了吧？在睡觉的朋友先醒一醒啊，周导跟大家聊几句。,（扩音器开关咔哒一声）（用车载扩音器）,其他,,周导,28,
G1-S2,1,2,游客甲,嗯……,（刚睡醒，声音含糊）,其他,,,1,
G1-S2,1,3,导游,我们现在已经出了楚雄，往大理方向走，后面还有两个多小时的车程。,（用车载扩音器）,正常讲解,2个多小时,楚雄；大理,28,
G1-S2,1,4,导游,很多朋友来这边玩，都想给自己或者家里人带个手镯。今天周导就教教大家，翡翠手镯怎么看，学会了以后不管在哪儿买，都不容易吃亏。,（用车载扩音器）,购物安排,,周导；翡翠；手镯,55,
G1-S2,1,5,游客乙,嗯。,（声音很轻）,其他,,,1,
G1-S2,1,6,导游,翡翠主要看种水色。种就是质地，像冰种就比较透；糯种呢，就像糯米汤那种感觉，细腻一点，柔和一点。,（用车载扩音器）,购物安排,,翡翠；种水色；冰种；糯种,40,
G1-S2,1,7,导游,还有一个，一定要看证书。没处理过的天然翡翠，行话叫A货，正规证书上会写清楚有没有处理过。,（用车载扩音器）,购物安排,,翡翠；A货,39,
G1-S2,1,8,游客甲,妈，你不是一直说想要个镯子吗？,（游客在后排小声说）,购物安排,,镯子,13,
G1-S2,1,9,游客乙,不要，贵。,（小声）,购物安排,,,3,
G1-S2,1,10,游客甲,周导，这种手镯一般多少钱啊？,（提高声音）,费用,,周导；手镯,12,
G1-S2,1,11,导游,那差别就大了，便宜的八九百，好一点的两三万的也有，主要看种水。,（用车载扩音器）,费用,800-900元；2-3万元,种水,27,
G1-S2,1,12,导游,然后手镯还要看圈口，就是镯子里面那个圈的大小，要按自己的手来挑，太小了戴不进去，太大了又容易磕到。,（用车载扩音器）（车辆颠簸，扩音器声音有些断续）,购物安排,,手镯；圈口；镯子,44,
G1-S2,1,13,司机,进隧道了，我把车里的灯打开。,（车辆驶入隧道，噪声和回声明显变大）,其他,,,12,
G1-S2,1,14,导游,好，说到这儿呢，跟大家预告一下，等一下我们会在雾林茶舍停一停，大家下车喝喝茶，休息一下。,（隧道内，用车载扩音器，有回声）,购物安排,,雾林茶舍,38,
G1-S2,1,15,导游,茶舍里面也有翡翠的柜台，手镯、挂件都有，刚才教大家的，正好可以去对一对。,（隧道内，用车载扩音器，有回声）,购物安排,,翡翠；手镯；挂件,31,
G1-S2,1,16,游客甲,周导，问一下，在那边停多长时间啊？,（停顿约三秒）,购物安排,,周导,14,
G1-S2,1,17,导游,嗯，一个小时左右吧，看大家的情况。,（用车载扩音器）,购物安排,1小时左右,,14,
G1-S2,1,18,游客甲,一个小时啊……,,购物安排,1小时,,5,
G1-S2,1,19,游客甲,去茶舍喝茶要收钱吗？,（车辆驶出隧道，噪声减弱）（停顿约两秒）,费用,,,9,
G1-S2,1,20,导游,不收不收，茶是免费喝的。,（用车载扩音器）,费用,,,10,
G1-S2,1,21,游客甲,那我们能不能不下车？我妈有点晕车，想在车上躺一会儿。,,购物安排,,,23,
G1-S2,1,22,导游,这个嘛……咋个说呢，到时候再看吧，一般都是大家一起下去的。,（停顿约两秒）,服务态度,,,24,
G1-S2,1,23,游客甲,到时候再看是什么意思？能，还是不能？,,服务态度,,,15,
G1-S2,1,24,导游,哎呀，下去坐一坐嘛。茶舍里面有沙发，比车上宽敞，阿姨下去透透气也好。,（用车载扩音器）,购物安排,,,29,
G1-S2,1,25,游客乙,我不想动。,（声音很轻）,购物安排,,,4,
G1-S2,1,26,游客甲,您听到了吧，我妈就想在车上歇着。我们不买东西，也不进去。,,购物安排,,,24,
G1-S2,1,27,导游,大家出来玩，多少下去支持一下嘛，后面的安排我也好协调，你说是不是？,（停顿约三秒）（语气放软）,威胁消费,,,29,
G1-S2,1,28,游客甲,周导，你这话我就听不太懂了。报团的时候，云栖野渡旅行社给的行程单上写的是自愿购物，进不进店是我们自己定的。,,购物安排,,周导；云栖野渡旅行社,48,
G1-S2,1,29,导游,是是是，是自愿的，我也没说一定要买嘛。,（用车载扩音器）,购物安排,,,16,
G1-S2,1,30,游客甲,那就让我们在车上等，行不行？,,购物安排,,,12,
G1-S2,1,31,司机,我是无所谓，到了那边我也在车上休息，空调可以一直开着。,（在驾驶座，声音较远）,购物安排,,,24,
G1-S2,1,32,导游,师傅……那，那这个到了再说吧。,（停顿约两秒）（语气有点不自然）,服务态度,,,11,
G1-S2,1,33,游客甲,不是，周导，不用到了再说，你现在给个准话就行。,,服务态度,,周导,19,
G1-S2,1,34,游客乙,算了，别争了。,（拉了拉游客甲）（声音很轻）,其他,,,5,
G1-S2,1,35,游客甲,妈，我没争，我就是问清楚。,（压低声音，对游客乙）,其他,,,10,
G1-S2,1,36,游客乙,嗯。,（声音很轻）,其他,,,1,
G1-S2,1,37,游客甲,周导，要是实在不行，我就打一二三零一问一下，看看这种情况该怎么办。,（车内安静约五秒）（提高声音）,服务态度,12301,周导,29,
G1-S2,1,38,导游,哎，不用不用，这么点小事。行，你们就在车上休息，没问题。,（停顿约两秒）,购物安排,,,22,
G1-S2,1,39,游客甲,好，谢谢。,,其他,,,3,
G1-S2,1,40,导游,其他朋友也一样啊，想下去看的就下去，不想下去的就在车上休息，一个小时以后我们准时出发。,（用车载扩音器）,购物安排,1小时,,39,
G1-S2,1,41,游客乙,好。,（声音很轻）,其他,,,1,
G1-S2,1,42,导游,然后到大理大概是傍晚六点，先去酒店办入住。晚饭七点，不是，我是说七点半，在酒店旁边吃团餐。,（用车载扩音器）,正常讲解,18:00；19:00；19:30,大理,39,
G1-S2,1,43,游客甲,七点半，好。,,其他,19:30,,4,
G1-S2,1,44,司机,周导，前面服务区要不要停一下？有没有人要上洗手间？,,正常讲解,,周导,22,
G1-S2,1,45,导游,要上洗手间的举个手？……好，一、二、三，三个人。师傅，那前面服务区停十分钟。,（用车载扩音器）（问完停顿约两秒，数人数）,正常讲解,1；2；3；3人；10分钟,,28,
G1-S2,1,46,司机,要得。,,其他,,,2,
G1-S2,1,47,游客甲,妈，你要不要下去走走？,（小声，对游客乙）,其他,,,9,
G1-S2,1,48,游客乙,不用。,（声音很轻）,其他,,,2,
G1-S2,1,49,导游,好，服务区到了，下车的朋友注意脚下，十分钟以后回到车上，车就停在洗手间对面。,（车内安静约十秒，只有发动机声）（车辆驶入服务区）（用车载扩音器）,正常讲解,10分钟,,33,
G1-S3,1,1,导游,各位朋友，早上好！今天是我们行程的最后一天，车子已经出了大理，往昆明方向开。,（用车载扩音器）,正常讲解,,大理；昆明,33,
G1-S3,1,2,游客甲,早。,（声音不大）,其他,,,1,
G1-S3,1,3,导游,这几天大家辛苦了，一路上也挺配合周导的，先谢谢大家。,（用车载扩音器）,其他,,周导,23,
G1-S3,1,4,游客乙,周导也辛苦了。,,其他,,周导,6,
G1-S3,1,5,导游,那回去之前呢，周导再跟大家提一下。前天在雾林茶舍，好多朋友说再考虑考虑，最后没来得及买。,（用车载扩音器）,购物安排,,周导；雾林茶舍,39,
G1-S3,1,6,导游,我这边跟店里都说好了，在车上就可以订。茶叶是雾林茶舍的，鲜花饼、火腿这些是暮山特产超市的，下单以后下午直接送到长水机场，大家拎上就能走。,（用车载扩音器）,购物安排,,雾林茶舍；鲜花饼；火腿；暮山特产超市；长水机场,61,
G1-S3,1,7,导游,普洱熟茶两饼一盒，三百六十块；鲜花饼三盒一百五。买得多的，我再帮大家跟店里申请个折扣。,（用车载扩音器）,费用,2饼/盒；360元；3盒；150元,普洱；熟茶；鲜花饼,38,
G1-S3,1,8,游客甲,周导，不用了，我们真的不买了。,（车内安静约四秒）,购物安排,,周导,12,
G1-S3,1,9,游客乙,对，我也不要了，前几天买的，箱子都快装不下了。,,购物安排,,,19,
G1-S3,1,10,导游,没关系，先看看嘛，我把单子传下去，大家先……,（用车载扩音器）（说到一半被打断）,购物安排,,,17,
G1-S3,1,11,游客甲,不用传了，周导。这几天已经说过好几回了，我们不买。,（与上一句部分重叠）,购物安排,,周导,21,
G1-S3,1,12,游客乙,嗯，不买。,,购物安排,,,3,
G1-S3,1,13,司机,减速带，大家坐好。,（车辆驶过减速带，颠簸两下）,正常讲解,,,7,
G1-S3,1,14,导游,好，好，那我就不多说了。大家不需要的话，这个事情我们就不提了。,（停顿约三秒）（用车载扩音器）,购物安排,,,26,
G1-S3,1,15,游客甲,谢谢周导。,,其他,,周导,4,
G1-S3,1,16,导游,那接下来，跟大家讲一下返程的安排。这个很重要，大家听一下。,（停顿约两秒）（用车载扩音器）,正常讲解,,,25,
G1-S3,1,17,游客乙,好。,,其他,,,1,
G1-S3,1,18,导游,现在是早上八点半，中午十二点左右到楚雄吃午饭，吃饭四十分钟。,（用车载扩音器）,正常讲解,8:30；12:00；40分钟,楚雄,27,
G1-S3,1,19,导游,吃完饭直接走高速去长水机场，不进市区，预计下午三点半到机场。,（用车载扩音器）,正常讲解,15:30,长水机场,27,
G1-S3,1,20,游客甲,周导，我的航班是下午五点五十的，来得及吗？,,其他,17:50,周导,18,
G1-S3,1,21,导游,莫急，三点半到，五点五十飞，有两个多小时，时间是够的。一般提前一个半到两个小时到机场就行。,（用车载扩音器）,正常讲解,15:30；17:50；2个多小时；1.5-2小时,,39,
G1-S3,1,22,游客甲,哦，那好。,,其他,,,3,
G1-S3,1,23,游客乙,我是晚上八点二十的，不对，八点五十，我再看一下……嗯，八点五十。,,其他,20:20；20:50,,25,
G1-S3,1,24,游客甲,大姐，那你比我晚三个小时呢。,（小声，对游客乙）,其他,3小时,,12,
G1-S3,1,25,游客乙,是啊，到时候在机场慢慢逛吧。,（小声）,其他,,,12,
G1-S3,1,26,导游,晚一点的朋友也是一起送到机场，机场里面可以吃饭、休息，大家体谅一下。,（用车载扩音器）,正常讲解,,,30,
G1-S3,1,27,司机,周导，导航说前面在修路，要绕一段，可能要晚二十来分钟。,（车载导航提示音响起，不是台词）,行程变更,20分钟左右,周导,23,
G1-S3,1,28,导游,那中午吃饭压缩一下，改成半个小时。,（放下扩音器，对司机说）,行程变更,30分钟,,15,
G1-S3,1,29,导游,各位，刚才师傅说前面修路要绕一下，所以中午吃饭改成半个小时，大家吃快一点，不好意思啊。,（重新用车载扩音器）,行程变更,30分钟,,38,
G1-S3,1,30,游客甲,没事。,,其他,,,2,
G1-S3,1,31,游客乙,可以。,,其他,,,2,
G1-S3,1,32,导游,然后是几个安全提醒。第一，车子开着的时候，大家不要在车里走动，安全带系好。,（车内安静约五秒）（用车载扩音器）,正常讲解,第1,,32,
G1-S3,1,33,导游,第二，充电宝不能放在托运行李里面，要随身带，这个大家记一下。,（用车载扩音器）,正常讲解,第2,,26,
G1-S3,1,34,导游,第三，下车之前检查一下座位，身份证、手机、钱包，还有头顶上的行李架，都看一眼。,（用车载扩音器）,正常讲解,第3,,32,
G1-S3,1,35,游客甲,身份证……在包里，在的。,（游客在后排小声说）,其他,,,8,
G1-S3,1,36,游客乙,我也看一下。,（小声）,其他,,,5,
G1-S3,1,37,司机,前面是施工路段，有点颠，大家扶好。,（车辆颠簸）,正常讲解,,,14,
G1-S3,1,38,导游,最后说一下送机。到了长水机场，车子停在出发层，大家拿好行李，直接进去值机就行。,（停顿约三秒）（用车载扩音器）,正常讲解,,长水机场,34,
G1-S3,1,39,导游,这几天周导要是有哪里做得不好，大家多包涵。有什么意见，也可以向旅行社反映，云栖野渡旅行社都会认真处理的。,（用车载扩音器）,服务态度,,周导；云栖野渡旅行社,47,
G1-S3,1,40,游客甲,嗯，这几天总体还行，就是购物讲得有点多。,,购物安排,,,17,
G1-S3,1,41,导游,好，这个我记下了，下次注意。,（笑了一下）,服务态度,,,11,
G1-S3,1,42,游客乙,嗯。,,其他,,,1,
G1-S3,1,43,导游,好，那大家休息一下，到楚雄吃饭的时候我再叫大家。,（车内安静约八秒）（放下扩音器，直接说）,正常讲解,,楚雄,21,
G1-S3,1,44,游客甲,好的。,,其他,,,2,
G1-S3,1,45,司机,要睡觉的把窗帘拉一下，太阳有点晒。,,其他,,,15,
G1-S3,1,46,游客乙,知道了。,,其他,,,3,
G2-S1,2,1,店员,来来来，几位往里边坐，这间是我们青黛玉石馆的贵宾室，一般散客我们都不往这边带，是你们鹿鸣七彩旅行社的马导专门打了招呼的。,（离手机较远）（语速较快）,购物安排,,青黛玉石馆；鹿鸣七彩旅行社；马导,55,
G2-S1,2,2,游客乙,贵宾室？就这么小一间啊？,（靠近手机小声说）,其他,,,10,
G2-S1,2,3,游客甲,嘘，先听她讲。,（靠近手机小声说）,其他,,,5,
G2-S1,2,4,店员,那我先教大家怎么看翡翠啊，一看种，二看水，三看颜色。像这只就是冰种飘花，你看这个底子，透得跟冰一样，里面一缕一缕的绿就叫飘花，这种料子现在是越来越少了。,（离手机较远）（语速较快）,购物安排,,冰种；飘花,67,
G2-S1,2,5,游客丙,每家店都这么说，料子越来越少。,（靠近手机小声说）,购物安排,,,13,
G2-S1,2,6,游客乙,可那个绿是真挺好看的。,（靠近手机小声说）,购物安排,,,10,
G2-S1,2,7,店员,这位美女眼光好啊，来，过来戴上试试，不买没关系，试一下又不要钱。,（离手机较远）,购物安排,,,27,
G2-S1,2,8,游客乙,那，那我就试一下啊。,（起身走到展柜前，离手机较远）,购物安排,,,8,
G2-S1,2,9,游客甲,试试可以，就怕她试完舍不得摘了。,（靠近手机小声说，对游客丙）,购物安排,,,14,
G2-S1,2,10,游客丙,放心，我帮你看着。,（靠近手机小声说）,其他,,,7,
G2-S1,2,11,店员,你看你看，一戴上手就显白，内径五十六毫米，刚刚好。这只标价十八万八千八，标签在这儿，你们自己看。,（离手机较远）（语速较快）,费用,56毫米；188800元,,41,
G2-S1,2,12,游客丙,十八万？,（靠近手机小声说）（语速快）,费用,180000元,,3,
G2-S1,2,13,游客甲,开什么玩笑，买辆车都够了。,（靠近手机，脱口而出，声音稍大）（与上一句部分重叠）,费用,,,11,
G2-S1,2,14,店员,大哥莫急，标价是标价嘛。今天馆里做活动，冰种飘花的一律打三折，五万六千六百四，抹个零头，五万六，再送证书、送礼盒，你说划不划算？,（离手机较远）（语速较快）,费用,3折；56640元；56000元,冰种；飘花,54,
G2-S1,2,15,游客乙,一下就打三折啊？,（在展柜前，离手机较远）,费用,3折,,7,
G2-S1,2,16,游客丙,能打三折，说明本来就不值那么多。,（靠近手机小声说）,费用,3折,,14,
G2-S1,2,17,游客甲,就是，水分太大了，是真是假都不好说。,（靠近手机小声说）,购物安排,,,15,
G2-S1,2,18,游客丙,证书也是她们自己给的，谁知道哪儿开的。,（靠近手机小声说）,购物安排,,,17,
G2-S1,2,19,店员,那边两位商量什么呢？有问题大声问嘛，我们这里每一只都是天然的，证书拿去哪儿验都行，验出来不对，全额退款。,（离手机较远）（提高音量）,购物安排,,,46,
G2-S1,2,20,游客甲,没什么没什么，就是觉得有点贵。,（朝店员方向，稍微提高音量）,费用,,,13,
G2-S1,2,21,店员,贵是贵在料子上嘛。这样，我看美女是真喜欢，我做个主，再让一点，三万九千八，出了这个门，你在丽江都找不到这个价。,（离手机较远）（语速较快）,费用,39800元,丽江,47,
G2-S1,2,22,游客乙,三万九千八，还是太多了吧。,（摘下手镯走回沙发坐下，靠近手机小声说）,费用,39800元,,11,
G2-S1,2,23,游客甲,你别看我啊，我卡里可没那么多。,（靠近手机小声说）,费用,,,13,
G2-S1,2,24,游客丙,我跟你们讲，我上回在别的地方，也说是冰种的，最后三千块就拿下了。,（靠近手机，声音没压住）,费用,3000元,冰种,28,
G2-S1,2,25,游客乙,真的假的？差这么多？,（靠近手机小声说）,费用,,,8,
G2-S1,2,26,游客丙,所以说啊，这镯子顶多值个三五千，不是，我是说，咱们看不懂的东西，就别花大钱。,（靠近手机小声说）,费用,3000-5000元,,32,
G2-S1,2,27,店员,大姐，您是行家，我也不绕弯子了，最后一口价，两万八千八，图个好彩头，我这个月提成都不要了。,（离手机较远）（语速较快）,费用,28800元,,38,
G2-S1,2,28,游客甲,又降了一万多，你看看。,（靠近手机小声说）（语速快）,费用,10000多元,,9,
G2-S1,2,29,游客乙,降得越多，我越不敢买了。,（靠近手机小声说）,购物安排,,,10,
G2-S1,2,30,游客丙,就是，十八万降到两万八，底价到底多少，谁也不知道。,（靠近手机小声说）,费用,180000元；28000元,,21,
G2-S1,2,31,店员,几位考虑得怎么样啦？要不要我先帮你们包起来？,（离手机较远）,购物安排,,,20,
G2-S1,2,32,游客乙,那个，我们还是再商量商量，今天先不要了，谢谢您啊。,（朝店员方向，稍微提高音量）,购物安排,,,21,
G2-S1,2,33,店员,哎，别急着走嘛，再坐会儿，喝口水，听我把这批糯种的也讲完再说。糯种的便宜，六千多的、八千多的都有，自己戴、送妈妈都合适。,（离手机较远）（背对手机，在展柜里翻找）（语速较快）,购物安排,6000多元；8000多元,糯种,50,
G2-S1,2,34,游客甲,还有糯种的，这是要讲到中午啊。,（靠近手机小声说）,购物安排,,糯种,13,
G2-S1,2,35,游客丙,马导说十一点二十门口集合，现在都十一点十分了。,（靠近手机小声说）,其他,11:20；11:10,马导,21,
G2-S1,2,36,游客乙,那正好，就说要集合了。,（靠近手机小声说）,其他,,,9,
G2-S1,2,37,游客甲,不好意思啊，我们导游定了时间，十一点二十集合，我们就先出去了。,（站起来，朝店员方向）,购物安排,11:20,,27,
G2-S1,2,38,店员,哎呀，还有十分钟呢，不着急。今天是活动价，错过了今天，下次来就是原价了，你们再想想嘛。,（离手机较远）（语速较快）,购物安排,10分钟,,36,
G2-S1,2,39,游客丙,她这活动，怕是天天都有。,（靠近手机小声说）,购物安排,,,10,
G2-S1,2,40,游客乙,真的谢谢您讲了这么多，镯子是漂亮，就是超预算了，我们回去再考虑考虑。,（朝店员方向，语气客气）,购物安排,,,30,
G2-S1,2,41,店员,那行，我也不勉强。这是我们的名片，回去想好了随时找我。,（离手机较远）,购物安排,,,23,
G2-S1,2,42,游客甲,好嘞，谢谢谢谢，您忙。,（边走边说）,其他,,,8,
G2-S1,2,43,店员,出门往右手边下楼啊，楼梯有点窄，慢一点。,（离手机较远）（提高音量）,其他,,,17,
G2-S1,2,44,游客乙,好险好险，刚才差点就想刷卡了。,（边走边说，靠近手机小声说）,购物安排,,,13,
G2-S1,2,45,游客丙,还好没刷，五万六讲到两万八，再坐一会儿，说不定一万都肯卖。,（边走边说）,费用,56000元；28000元；10000元,,25,
G2-S1,2,46,游客甲,走吧走吧，快去门口，别让马导等咱们。,（边走边说）,其他,,马导,15,
G2-S2,2,1,店员,来，两位大哥坐，欢迎来到竹溪茶仓。我先给你们泡个熟普润润口啊，你们看这个汤色，红红亮亮的，喝起来特别顺，一点都不苦。,（离手机较远）（边倒水边说）（语速较快）,购物安排,,竹溪茶仓；熟普,50,
G2-S2,2,2,游客甲,嗯，这熟普还挺顺口的。,（靠近手机小声说）,购物安排,,熟普,9,
G2-S2,2,3,游客乙,你可别夸，一夸她就要开始卖了。,（靠近手机小声说）（语速快）,购物安排,,,13,
G2-S2,2,4,店员,大哥是懂茶的，一口就喝出来了。不过熟普只是给大家润润口，我们竹溪茶仓真正的好东西，是后面架子上的古树茶，我拿给你们看啊。,（离手机较远）（语速较快）,购物安排,,熟普；竹溪茶仓；古树茶,54,
G2-S2,2,5,游客乙,来了来了，正题来了。,（靠近手机小声说）,购物安排,,,8,
G2-S2,2,6,店员,就是这饼，二零一六年压的古树茶，生普，一饼三百五十七克，你们看这个叶子，又肥又长，一片一片都是完整的。,（背对手机）（从身后货架上取茶饼）,购物安排,2016年；357克,古树茶；生普,44,
G2-S2,2,7,游客甲,二零一六年的，那也放了好些年了。,（靠近手机小声说）,购物安排,2016年,,14,
G2-S2,2,8,游客乙,年份还不是她说多少就多少。,（靠近手机小声说）,购物安排,,,12,
G2-S2,2,9,店员,生普跟熟普不一样，生普是越放越香。这饼外面标价六千八百八，今天你们是团队来的，按会员价，三千八百八一饼，买两饼送一个茶罐。,（离手机较远）（语速较快）,费用,6880元；3880元；2饼,生普；熟普,54,
G2-S2,2,10,游客乙,三千八百八一饼？,（靠近手机小声说）（与上一句部分重叠）,费用,3880元,,7,
G2-S2,2,11,游客甲,我在家喝的，一饼才一百五十块。,（朝店员方向，稍微提高音量）,费用,150元,,13,
G2-S2,2,12,店员,大哥，一百五十的那是平时喝的普通茶，古树茶是老茶树上采的，产量少，喝起来更厚实。,（离手机较远）（语速较快）,购物安排,150元,古树茶,35,
G2-S2,2,13,导游,两位大哥，难得来一趟大理，咱们鹿鸣七彩旅行社的客人来这儿，都说这儿的古树茶好。,（站在门口，离手机较远）（提高音量）,购物安排,,大理；鹿鸣七彩旅行社；古树茶,35,
G2-S2,2,14,游客乙,马导怎么也在门口站着。,（靠近手机小声说）,其他,,马导,10,
G2-S2,2,15,游客甲,帮腔呗，还能干啥。,（靠近手机小声说）,其他,,,7,
G2-S2,2,16,店员,来，这泡就是这饼古树茶，你们趁热尝尝，入口有一点点苦，马上就回甘，喝完嘴里都是甜的。大哥，咋个样？,（离手机较远）（边倒茶边说）,购物安排,,古树茶,41,
G2-S2,2,17,游客甲,嗯……是有点回甘。,（靠近手机，含糊地应一声）,购物安排,,,6,
G2-S2,2,18,游客乙,有回甘也不值三千八啊。,（靠近手机小声说）,费用,3800元,,10,
G2-S2,2,19,店员,要是觉得一饼一饼买不划算，还可以拿一提，一提七饼，打包价两万两千八，回去送朋友、送亲戚都拿得出手。,（离手机较远）（语速较快）,费用,7饼；22800元,,43,
G2-S2,2,20,游客乙,两万两千八？越说越贵了。,（靠近手机小声说）（语速快）,费用,22800元,,10,
G2-S2,2,21,游客甲,咱们都坐了二十五分钟了。,（看了看手表，靠近手机小声说）,其他,25分钟,,11,
G2-S2,2,22,导游,大哥，买茶跟买菜不一样，好茶贵一点也正常。咱们这一趟出来，大家多少支持一下，后面的安排我也好协调嘛。,（站在门口，离手机较远）,威胁消费,,,44,
G2-S2,2,23,游客乙,听见没，买不买还跟后面的安排挂上了。,（靠近手机小声说）,服务态度,,,16,
G2-S2,2,24,游客甲,算了算了，就是说，咱买点便宜的，给个面子就行。,（靠近手机小声说）,购物安排,,,19,
G2-S2,2,25,游客乙,行，那你去问，小包的就行。,（靠近手机小声说）,购物安排,,,10,
G2-S2,2,26,游客甲,那个，老板，有没有便宜一点的？就是，就是小包的，带回去自己喝。,（朝店员方向，稍微提高音量）,购物安排,,,25,
G2-S2,2,27,店员,有是有，散装的熟普，一小包二百五十克，原价九十八，今天六十八。不过大哥，送人、收藏还得是这饼古树茶，拿出去有面子。,（离手机较远）（语速较快）,费用,250克；98元；68元,熟普；古树茶,48,
G2-S2,2,28,游客乙,六十八，这个可以。,（靠近手机小声说）,费用,68元,,7,
G2-S2,2,29,游客甲,那就要一小包散茶吧，我们买完就先出去了。,（朝店员方向）,购物安排,,,18,
G2-S2,2,30,店员,大哥，再坐会儿嘛，散茶什么时候都能买，这饼古树茶的会员价可就今天有。你再喝一泡，听我讲完再说，不买也没关系。,（离手机较远）（语速较快）,购物安排,,古树茶,47,
G2-S2,2,31,游客乙,又来了，再喝一泡，又得听二十分钟。,（靠近手机小声说）（语速快）,购物安排,20分钟,,14,
G2-S2,2,32,游客甲,不用了不用了，茶饼太贵，我们就要这一小包，真的，家里茶叶也多，喝不完。,（朝店员方向）,购物安排,,,29,
G2-S2,2,33,导游,大哥，你看都喝了三泡了，就拿一饼嘛，回去慢慢喝，放着也是越放越香。,（站在门口，离手机较远）,购物安排,3泡,,28,
G2-S2,2,34,游客乙,马导，真不用了，我们俩退休工资就那么点，买这一小包是个心意。,（稍微提高音量，朝门口方向）,购物安排,,马导,26,
G2-S2,2,35,导游,要得要得，心意到了就行，那就不勉强了。,（站在门口，离手机较远）,购物安排,,,16,
G2-S2,2,36,店员,好嘞，一小包熟普散茶，六十八块，二维码在茶台边上，扫一下就行。,（背对手机）（在柜台边打包）,费用,68元,熟普,26,
G2-S2,2,37,游客甲,扫好了，六十八。,（在茶台边扫码，离手机很近，朝店员说）,费用,68元,,6,
G2-S2,2,38,店员,收到了，谢谢大哥，这是我们的名片，回去喝着好再来找我们。,（离手机较远）,购物安排,,,24,
G2-S2,2,39,游客乙,早知道六十八就能出门，一进来就买了。,（靠近手机小声说）,费用,68元,,16,
G2-S2,2,40,导游,好，大家拿好东西，十点五十门口上车，下一站去吃午饭。,（站在门口，离手机较远）（提高音量）,正常讲解,10:50,,22,
G2-S2,2,41,游客甲,总算能出去了，走吧。,（拿起桌角的手机，边走边说）,其他,,,8,
G2-S2,2,42,游客乙,六十八块钱喝了三泡茶，不亏。,（边走边说）,费用,68元；3泡,,12,
G2-S3,2,1,店员,各位往前站一点啊，欢迎来到晓月银坊的手工坊。我们这里全是足银九九九，师傅当场打、当场卖，你们听到的叮叮当当，就是师傅在壶身上敲花纹。,（离手机较远）（语速较快）（背景有敲银器的声音）,购物安排,999,晓月银坊；足银；九九九,59,
G2-S3,2,2,游客甲,这屋子这么小，人还这么多。,（靠近手机小声说）,其他,,,11,
G2-S3,2,3,游客乙,嗯，是挤，咱们往边上站站。,（靠近手机小声说）,其他,,,10,
G2-S3,2,4,店员,来看这把银壶，从一块银板开始敲，敲出这个圆肚子，再敲上花纹，前后要一个多月。这把四百八十克，壶嘴、壶把全是手工焊的，摆在茶桌上很有档次。,（离手机较远）（拿小锤在银壶上轻敲演示）（语速较快）,购物安排,1个多月；480克,,59,
G2-S3,2,5,游客乙,四百八十克，那得多少钱啊。,（靠近手机小声说）,费用,480克,,11,
G2-S3,2,6,经理,各位各位，跟大家说个好消息，今天是我们晓月银坊在昆明开店十二周年，银壶工费全免，银饰一律七折，只有今天上午，十一点以后恢复原价。,（边走边说）（从房间另一头走过来）,费用,12周年；7折；11:00,晓月银坊；昆明,57,
G2-S3,2,7,游客乙,又是只有今天。,（靠近手机小声说）,购物安排,,,6,
G2-S3,2,8,游客甲,哪个店没有个只有今天。,（靠近手机小声说）,购物安排,,,10,
G2-S3,2,9,店员,银子是按克算的，平时这把壶连工费一克三十八，今天特价，工费全免，一克二十六，四百八十克算下来一万两千四百八，再送一套银杯和礼盒。,（离手机较远）（语速较快）,费用,38元/克；26元/克；480克；12480元,,57,
G2-S3,2,10,游客乙,一万二买个烧水壶？,（靠近手机小声说）（与上一句部分重叠）,费用,12000元,,8,
G2-S3,2,11,游客甲,家里电水壶才一百多块。,（靠近手机小声说）,费用,100多元,,10,
G2-S3,2,12,经理,阿姨，壶要是用不上，可以看看银饰嘛，手镯、耳环，自己戴、送人都好看。,（边走边说）（从手机旁经过）,购物安排,,,27,
G2-S3,2,13,店员,来，这个手镯三十八克，也是足银九九九，上面的花是师傅一锤一锤敲出来的。平时一千四百八，打七折是一千零三十六，今天我再做个主，九百九十八。,（背对手机）（转身从展柜里拿出银镯）（语速较快）,费用,38克；999；1480元；7折；1036元；998元,足银；九九九,60,
G2-S3,2,14,游客甲,足银九九九，谁知道是不是真的九九九。,（靠近手机小声说）,购物安排,999；999,足银；九九九,16,
G2-S3,2,15,游客乙,里面打了印的，应该不假，就是价格说不好。,（靠近手机小声说）,购物安排,,,17,
G2-S3,2,16,店员,银饰也是按克算的，你看这对耳环，才六克多，今天特价一对一百六十八，买手镯再送一对，相当于白拿。,（离手机较远）（语速较快）,费用,6克多；168元,,41,
G2-S3,2,17,游客乙,九百九十八还送耳环，那个镯子倒还行。,（靠近手机小声说）,费用,998元,,16,
G2-S3,2,18,游客甲,我不看了，我现在就觉得闷得慌。,（靠近手机小声说）,其他,,,13,
G2-S3,2,19,经理,阿姨，咋个了？是不是有点闷？,（边走边说）（离手机较远）,其他,,,11,
G2-S3,2,20,游客甲,嗯，人太多了，我想先出去透口气。,（朝经理方向，稍微提高音量）,行程变更,,,13,
G2-S3,2,21,店员,阿姨别急着走嘛，再坐会儿，最后一个银碗，五分钟就讲完，听完再说。今天这个特价真的难得，过了十一点我就做不了主了。,（离手机较远）（语速较快）,购物安排,5分钟；11:00,,49,
G2-S3,2,22,游客乙,不好意思啊，我妈觉得里面有点闷，我们想先出去一下。,（朝店员方向，稍微提高音量）,行程变更,,,22,
G2-S3,2,23,经理,那我把后面窗户打开，再给阿姨倒杯水，阿姨您坐着听，不急不急。,（边走边说）（离手机较远）,购物安排,,,26,
G2-S3,2,24,游客甲,不用不用，谢谢啊，我就是想出去走走。,（朝经理方向）,其他,,,15,
G2-S3,2,25,游客乙,妈，那镯子你真不看了？,（靠近手机小声说）,购物安排,,,9,
G2-S3,2,26,游客甲,不看了，要买你自己买，我先出去。,（靠近手机小声说）,购物安排,,,13,
G2-S3,2,27,游客乙,那我也不买了，我陪你出去。,（靠近手机小声说）,购物安排,,,11,
G2-S3,2,28,店员,美女，要不这样，阿姨先出去坐会儿，你留下来听完，镯子我再给你让一点，九百块，凑个整，好不好？,（离手机较远）（语速较快）,费用,900元,,38,
G2-S3,2,29,游客乙,谢谢啊，真不用了，我得陪着我妈。这样吧，我们先出去透透气，想买的话，等会儿再进来，行吧？,（朝店员方向）,行程变更,,,36,
G2-S3,2,30,经理,行行行，也可以。那九百的价我给你们留着，十一点前回来都算数，好吧？,（边走边说）（离手机较远）,费用,900元；11:00,,28,
G2-S3,2,31,游客乙,好的好的，谢谢您。,（朝经理方向）,其他,,,7,
G2-S3,2,32,店员,出门左手边有个小院子，有凳子可以坐，阿姨慢点走啊。,（离手机较远）（提高音量）,其他,,,22,
G2-S3,2,33,游客甲,好，谢谢啊。,（边走边说）,其他,,,4,
G2-S3,2,34,游客乙,外面舒服多了，里面闷得我也待不住了。,（边走边说）（走到院子里，正常音量）,其他,,,16,
G2-S3,2,35,游客甲,你看，跟人家好好说一声，不就出来了。,（边走边说）（在游客乙身旁，离手机较近）,其他,,,15,
G2-S3,2,36,游客乙,几点了？马导说十一点四十上车。,（在院子里坐下，手机仍在裤兜里）,其他,11:40,马导,13,
G2-S3,2,37,游客甲,才十点二十，还有一个多小时呢。,（低头看自己的手机）,其他,10:20；1个多小时,,13,
G2-S3,2,38,游客乙,那跟马导说一声，免得他找咱们。,,其他,,马导,13,
G2-S3,2,39,游客甲,马导，我们俩先从晓月银坊出来了，在门口小院子里坐着等，十一点四十车上见啊。,（用自己的手机发语音，离录音手机较近）,行程变更,11:40,马导；晓月银坊,33,
G2-S3,2,40,游客乙,那个镯子其实挺好看的，九百块……,（小声嘀咕）,费用,900元,,13,
G2-S3,2,41,游客甲,想买就回去买，人家说了十一点前都算数。,,购物安排,11:00,,17,
G2-S3,2,42,游客乙,算了，不是，我是说，回家前再比比价吧。,,购物安排,,,15,
G2-S3,2,43,游客甲,这就对了，坐会儿，等马导来。,,其他,,马导,11,
G3-S1,3,1,导游,来，各位早上好！大家往我这边靠一靠，人都到齐了吧？,（在大堂中间拍手）,正常讲解,,,21,
G3-S1,3,2,游客丁,齐了齐了，就等您了。,（离录音手机较远）,其他,,,8,
G3-S1,3,3,导游,好。那个，跟大家说个情况啊。今天上午原定的洱海游船，取消了，我们……,,行程变更,,洱海；游船,27,
G3-S1,3,4,游客甲,啊？取消了？,（打断）,行程变更,,,4,
G3-S1,3,5,游客乙,啊？怎么就取消了？,（与上一句部分重叠）,行程变更,,,7,
G3-S1,3,6,导游,大家先听我说完啊。早上我接到通知，说湖上风比较大，船开不了。所以呢，我们临时调整一下，上午改去一个体验中心，就在洱海边上。里面可以喝喝普洱茶，尝尝鲜花饼，看看银器，还能自己亲手做一做，环境挺好的，拍照也好看。中午吃完饭，下午照常去双廊，其他安排都不变，大家放心。,（提高声音）（连续说了一大段）,行程变更,,体验中心；洱海；普洱茶；鲜花饼；银器；双廊,113,
G3-S1,3,7,游客丙,体验中心？体验中心是干什么的？,（与上一句部分重叠）,行程变更,,体验中心,13,
G3-S1,3,8,游客丁,是不是带我们去买东西的？,,购物安排,,,11,
G3-S1,3,9,导游,不是不是，就是去体验一下，买不买随……,,购物安排,,,15,
G3-S1,3,10,游客甲,我们就是冲着游船来的呀！,（打断）,行程变更,,游船,11,
G3-S1,3,11,游客乙,对呀，我们就是冲着游船来的嘛！,（与上一句部分重叠）,行程变更,,游船,13,
G3-S1,3,12,导游,莫急莫急，风大这个事情，谁也没办法……,,行程变更,,,15,
G3-S1,3,13,游客丙,风大？我刚才下楼的时候问了前台，前台说今天船照常开。,（打断）,行程变更,,,23,
G3-S1,3,14,游客丁,对，我就站在旁边，听得清清楚楚。,,其他,,,13,
G3-S1,3,15,导游,前台的消息，那个，也不一定准……,,行程变更,,,12,
G3-S1,3,16,游客甲,那你的消息就准啦？,（与上一句部分重叠）,行程变更,,,8,
G3-S1,3,17,游客乙,就是，你的消息就准啦？,,行程变更,,,9,
G3-S1,3,18,游客丙,大家先别吵，我把行程单拿出来对一对。,（从背包里翻出行程单）,其他,,行程单,16,
G3-S1,3,19,游客丙,第二天，早上八点大堂集合，八点半出发。上午，乘船游洱海，约两个小时。中午用餐。下午，双廊自由活动。晚上回澄溪假日酒店。,（照着行程单念，语速较慢）,行程变更,第2天；8:00；8:30；2小时,洱海；双廊；澄溪假日酒店,49,
G3-S1,3,20,游客丙,体验中心？一个字都没有。,,行程变更,,体验中心,10,
G3-S1,3,21,游客乙,没有，真没有。,（凑过去看）,其他,,,5,
G3-S1,3,22,游客甲,真没有。,（与上一句部分重叠）,其他,,,3,
G3-S1,3,23,导游,行程单是行程单嘛，实际情况总会有一些调……,,行程变更,,行程单,18,
G3-S1,3,24,游客丁,调整也得先跟我们商量吧？,（打断）,行程变更,,,11,
G3-S1,3,25,游客丙,就是，一大早直接通知，这叫商量吗？,,服务态度,,,14,
G3-S1,3,26,导游,我这不是正在跟大家商量嘛。,,服务态度,,,12,
G3-S1,3,27,游客甲,你这是通知，不是商量。,,服务态度,,,9,
G3-S1,3,28,游客乙,对，是通知，不是商量。,（与上一句部分重叠）,服务态度,,,8,
G3-S1,3,29,导游,好好好，我跟大家说实话。船票是我们没订上，这几天人太多了。,（停顿约两秒）,行程变更,,,25,
G3-S1,3,30,游客丁,啊？那刚才还说风大……,,服务态度,,,8,
G3-S1,3,31,游客丙,没订上就说没订上嘛，说什么风大。,（与上一句部分重叠）,服务态度,,,14,
G3-S1,3,32,导游,是我说得不对，跟大家道个歉。,,服务态度,,,12,
G3-S1,3,33,导游,不过体验中心那边呢，大家就当去坐坐，喝口茶。大家多少支持一下，下午去双廊的车也好协调一点。,,威胁消费,,体验中心；双廊,40,
G3-S1,3,34,游客甲,这跟车有什么关系？,（与上一句部分重叠）,服务态度,,,8,
G3-S1,3,35,游客乙,就是，这跟车有什么关系？,（与上一句部分重叠）,服务态度,,,10,
G3-S1,3,36,游客丙,游船是含在团费里的，一个人一百五十块。不坐船，这钱怎么算？,,费用,150元,游船；团费,25,
G3-S1,3,37,导游,钱肯定不会少大家的，该退的……,,费用,,,12,
G3-S1,3,38,游客丁,我们不要退钱，我们要坐船。我家孩子昨天晚上还念叨，说今天要坐大船呢。,（打断）,行程变更,,,30,
G3-S1,3,39,游客甲,对，我们要坐船！,（几个人同时说，这句最清楚）,行程变更,,,6,
G3-S1,3,40,导游,那……那这样，我现在给码头打个电话，问问今天还有没有别的班次。,,行程变更,,,26,
G3-S1,3,41,导游,喂，你好，我是青岫远途旅行社的李导，想问一下今天下午还有没有船票？我们一共二十二位。,（走到一旁打电话）（离录音手机较远）,行程变更,22人,青岫远途旅行社；李导,37,
G3-S1,3,42,游客甲,早这么打个电话问问，不就好了。,（压低声音）,服务态度,,,13,
G3-S1,3,43,游客乙,就是，早干什么去了。,（压低声音）（与上一句部分重叠）,服务态度,,,8,
G3-S1,3,44,游客丙,先别说了，听听他怎么讲。,,其他,,,10,
G3-S1,3,45,导游,好消息啊，下午两点那班还有位置，我已经订上了。,（打完电话走回来）,行程变更,14:00,,20,
G3-S1,3,46,游客丁,下午坐船，那双廊怎么办？,,行程变更,,双廊,10,
G3-S1,3,47,导游,双廊挪到上午。九点出发，先去双廊，十一点半在那边吃午饭，一点半到码头，两点上船。,,行程变更,9:00；11:30；13:30；14:00,双廊,34,
G3-S1,3,48,游客甲,那体验中心呢？,,购物安排,,体验中心,6,
G3-S1,3,49,导游,体验中心嘛，那个……,,购物安排,,体验中心,7,
G3-S1,3,50,游客乙,不去了吧？,（打断）,购物安排,,,4,
G3-S1,3,51,游客丙,不去了！,（几个人同时说，这句最清楚）,购物安排,,,3,
G3-S1,3,52,导游,好好好，不去不去，就按行程单走。,,行程变更,,行程单,13,
G3-S1,3,53,游客丁,李导，以后再有什么变动，先在群里说一声，大家都同意了再改。,,行程变更,,李导,25,
G3-S1,3,54,导游,一定一定。那大家先回房间收拾一下，八点五十还在大堂集合。,,正常讲解,8:50,,25,
G3-S1,3,55,游客甲,八点五十，记住了。,,其他,8:50,,7,
G3-S1,3,56,游客乙,八点五十，记住了，走吧。,（与上一句部分重叠）,其他,8:50,,9,
G3-S2,3,1,导游,好，各位，大理古城到了。大家注意听啊，现在十点整，十一点回到这个城门口集合，过时不候啊。,（举着小旗，站在城门边）,行程变更,10:00；11:00,大理古城,37,
G3-S2,3,2,游客甲,十一点？,（与上一句部分重叠）,行程变更,11:00,,3,
G3-S2,3,3,游客乙,十一点？那不就一个小时？,（与上一句部分重叠）,行程变更,11:00；1小时,,10,
G3-S2,3,4,游客丙,李导，行程单上写的是古城游览三个小时啊。,,行程变更,3小时,李导；行程单；古城,18,
G3-S2,3,5,导游,三个小时太长了，古城就这么大，一个小时逛下来足够了。,,行程变更,3小时；1小时,古城,23,
G3-S2,3,6,游客甲,够不够，得我们自己说了算吧？,（与上一句部分重叠）,行程变更,,,12,
G3-S2,3,7,游客乙,对，够不够我们自己说了算。,（与上一句部分重叠）,行程变更,,,11,
G3-S2,3,8,导游,古城里头走来走去都差不多，逛那么久也没多大意思……,,行程变更,,古城,22,
G3-S2,3,9,游客丙,有没有意思，是我们自己的事。,（打断）,行程变更,,,12,
G3-S2,3,10,游客甲,就是，钱都交了，凭什么少玩两个小时？,,行程变更,2小时,,15,
G3-S2,3,11,游客乙,就是，凭什么？,（与上一句部分重叠）,其他,,,5,
G3-S2,3,12,导游,下午还要赶去丽江，走晚了路上车多，到酒店就……,,行程变更,,丽江,19,
G3-S2,3,13,游客甲,行程单上写的是下午两点才出发。,（打断）,行程变更,14:00,行程单,14,
G3-S2,3,14,游客乙,对，下午两点，我也记得。,（与上一句部分重叠）,行程变更,14:00,,9,
G3-S2,3,15,游客丙,我这儿带着合同呢，我念一下啊。,（从文件袋里拿出合同）,其他,,合同,13,
G3-S2,3,16,游客丙,第三天：上午十点，抵达大理古城，自由游览，约三小时；中午在古城内自行用餐；下午两点，乘车前往丽江。,（照着合同念）,行程变更,第3天；10:00；3小时；14:00,大理古城；古城；丽江,41,
G3-S2,3,17,游客乙,你看，约三小时，白纸黑字写着呢。,,行程变更,3小时,,13,
G3-S2,3,18,游客甲,白纸黑字。,（与上一句部分重叠）,其他,,,4,
G3-S2,3,19,导游,那个约字，就是说大概嘛，又不是非得三个小时……,,行程变更,3小时,,19,
G3-S2,3,20,游客丙,大概也不能从三个小时变成一个小时吧？,（打断）,行程变更,3小时；1小时,,17,
G3-S2,3,21,游客乙,差太多了。,,其他,,,4,
G3-S2,3,22,游客甲,差得也太多了。,（与上一句部分重叠）,其他,,,6,
G3-S2,3,23,导游,我这也是按公司的安排……,,行程变更,,,10,
G3-S2,3,24,游客甲,那你给公司打电话。,（打断）,其他,,,8,
G3-S2,3,25,游客乙,对，打电话，开外放，我们一起听。,（与上一句部分重叠）,其他,,,12,
G3-S2,3,26,导游,要得要得，我问问我们经理。,（拿出手机拨号，打开外放）,其他,,,11,
G3-S2,3,27,经理,喂，李导，什么事？,（电话外放）,其他,,李导,6,
G3-S2,3,28,导游,张经理，我开着外放呢。我这边带团在大理古城，客人说游览时间要按三个小时来。,,行程变更,3小时,张经理；大理古城,33,
G3-S2,3,29,经理,嗯，这个情况啊。李导可能是担心下午路上车多，想早点走，大家也理解一……,（电话外放）,行程变更,,李导,29,
G3-S2,3,30,游客丙,张经理您好，我是团里的游客。,（凑近手机）（打断）,其他,,张经理,12,
G3-S2,3,31,游客丙,合同上写的是古城自由游览约三小时，下午两点出发。我们的要求很简单：按合同来。,,行程变更,3小时；14:00,合同；古城,34,
G3-S2,3,32,游客乙,按合同来！,（几个人同时说，这句最清楚）,行程变更,,合同,4,
G3-S2,3,33,经理,好，好，大家先别急，我听明白了。,（电话外放）（与上一句部分重叠）,其他,,,12,
G3-S2,3,34,经理,各位游客，我是青岫远途旅行社的张经理。刚才的情况我都听清楚了。合同上怎么写的，我们就怎么执行。今天大理古城的游览时间，就按三个小时来，大家放心逛，中午在古城里吃饭，下午两点再上车去丽江。去丽江的路上，也不会去任何行程单以外的地方。这件事是我们事先没有沟通好，给大家添麻烦了，我在这里向大家道个歉。,（电话外放）（连续说了一大段）,行程变更,3小时；14:00,青岫远途旅行社；张经理；合同；大理古城；古城；丽江；行程单,133,
G3-S2,3,35,游客甲,这还差不多。,,其他,,,5,
G3-S2,3,36,游客乙,嗯，这还差不多。,（与上一句部分重叠）,其他,,,6,
G3-S2,3,37,经理,李导，你听到了吧？,（电话外放）,其他,,李导,7,
G3-S2,3,38,导游,听到了，听到了。,,其他,,,6,
G3-S2,3,39,经理,以后行程上有任何调整，先跟公司报备，再跟客人商量，客人同意了才能改。,（电话外放）,行程变更,,,30,
G3-S2,3,40,导游,明白，张经理。,,其他,,张经理,5,
G3-S2,3,41,游客丙,张经理，还有个事。李导刚才说过时不候，这话我们听着不太舒服。,,服务态度,,张经理；李导,26,
G3-S2,3,42,经理,李导，你跟大家道个歉。,（电话外放）,服务态度,,李导,9,
G3-S2,3,43,导游,对不起各位，刚才是我说话太急了。,,服务态度,,,14,
G3-S2,3,44,游客甲,没事，说开了就好。,,其他,,,7,
G3-S2,3,45,游客乙,没事没事，说开了就好。,（与上一句部分重叠）,其他,,,9,
G3-S2,3,46,经理,那各位玩得开心，有什么事随时让李导打给我。,（电话外放）,其他,,李导,19,
G3-S2,3,47,导游,好，那我再说一遍：下午一点五十，还是在这个城门口集合，两点准时上车。,（挂断电话）,正常讲解,13:50；14:00,,29,
G3-S2,3,48,导游,古城里人多，大家看好自己的包。走散了就打我电话，或者在群里说一声。,,正常讲解,,古城,29,
G3-S2,3,49,游客丙,一点五十，城门口，记住了。,,其他,13:50,,10,
G3-S2,3,50,游客甲,走，先去逛逛。,,其他,,,5,
G3-S2,3,51,游客乙,走走走，先逛逛再吃饭。,（与上一句部分重叠）,其他,,,9,
G3-S3,3,1,导游,好，各位，到了到了。大家拿好行李下车，今晚就住这儿。,（晚上九点多，车停在客栈门口）,正常讲解,,,21,
G3-S3,3,2,游客甲,远山客栈？,（念门口的招牌）,其他,,远山客栈,4,
G3-S3,3,3,游客乙,远山客栈？不是澄溪假日酒店吗？,（与上一句部分重叠）,行程变更,,远山客栈；澄溪假日酒店,13,
G3-S3,3,4,游客丙,李导，合同上写的是澄溪假日酒店，走路十分钟就到古城。,,行程变更,10分钟,李导；合同；澄溪假日酒店；古城,23,
G3-S3,3,5,导游,澄溪那边今天满房了，临时换到这边，标准都是一样的，大家……,,行程变更,,澄溪,24,
G3-S3,3,6,游客甲,一样？那这儿离古城多远？,（打断）,行程变更,,古城,10,
G3-S3,3,7,导游,开车嘛，二十多分钟。,,行程变更,20多分钟,,8,
G3-S3,3,8,游客乙,二十多分钟？那晚上还怎么去古城？,（与上一句部分重叠）,行程变更,20多分钟,古城,14,
G3-S3,3,9,游客甲,就是说嘛，我们姐妹就想晚上去古城逛逛。,,行程变更,,古城,17,
G3-S3,3,10,导游,还有个事，跟大家说一下。明天的安排调一调：一早先去丽江，大理古城和洱海挪到第四天，到时候……,,行程变更,第4天,丽江；大理古城；洱海,39,
G3-S3,3,11,游客丙,等一下，顺序也换了？,（打断）,行程变更,,,8,
G3-S3,3,12,游客甲,怎么什么都换了？,（与上一句部分重叠）,行程变更,,,7,
G3-S3,3,13,游客乙,就是说嘛，怎么什么都换了？,（与上一句部分重叠）,行程变更,,,11,
G3-S3,3,14,导游,这个咋个说呢，丽江那边只有明天有房，所以只能……,,行程变更,,丽江,20,
G3-S3,3,15,游客丙,订不上房是你们的问题，不能让我们来承担。,（打断）,行程变更,,,18,
G3-S3,3,16,导游,我也是下午才接到公司的通知……,,行程变更,,,13,
G3-S3,3,17,游客甲,下午就知道了？,（打断）,服务态度,,,6,
G3-S3,3,18,游客乙,下午就知道了，那怎么不早说？,（与上一句部分重叠）,服务态度,,,12,
G3-S3,3,19,游客丙,这样吧，李导，你把经理请过来，我们当面谈。,,其他,,李导,17,
G3-S3,3,20,导游,我打个电话，张经理十分钟就到。,,其他,10分钟,张经理,13,
G3-S3,3,21,游客甲,那我们就在大堂等。,,其他,,,8,
G3-S3,3,22,游客乙,对，就在大堂等他。,（与上一句部分重叠）,其他,,,7,
G3-S3,3,23,经理,各位好，我是青岫远途旅行社的张经理，让大家久等了。,（约十分钟后）（快步走进大堂，边走边说）,其他,,青岫远途旅行社；张经理,22,
G3-S3,3,24,游客丙,张经理，我是大家推的代表，先说一下情况。,,其他,,张经理,17,
G3-S3,3,25,游客丙,我们报的是大理丽江五日游，合同上写得清清楚楚：第一天晚上住澄溪假日酒店，就在大理古城边上；第二天游古城和洱海；第三天才去丽江。结果到了门口才知道，酒店换成了远山客栈，离古城开车要二十多分钟；明天的行程也换成了丽江。换酒店、换顺序，事先没有一个人跟我们商量，也没让我们签字确认。大家心里都不舒服。,（语速平稳）（连续说了一大段）,行程变更,5日游；第1天；第2天；第3天；20多分钟,大理；丽江；合同；澄溪假日酒店；大理古城；古城；洱海；远山客栈,132,
G3-S3,3,26,游客甲,对，一点都不舒服。,（与上一句部分重叠）,其他,,,7,
G3-S3,3,27,经理,明白明白，这事确实是我们做得不对。澄溪今天房间不够，是我们订房出了差错，所以……,,服务态度,,澄溪,34,
G3-S3,3,28,游客乙,出了差错就直接换？,（打断）,行程变更,,,8,
G3-S3,3,29,游客甲,直接换，一声都不说？,（与上一句部分重叠）,服务态度,,,8,
G3-S3,3,30,经理,是，应该提前说。我先讲讲处理办法，大家听听行不行。,,其他,,,21,
G3-S3,3,31,经理,今晚先在远山客栈住一晚，房费差价，每间房退一百二十块。,,费用,1晚；120元,远山客栈；差价,24,
G3-S3,3,32,游客乙,一百二？,（与上一句部分重叠）,费用,120元,,3,
G3-S3,3,33,游客甲,一百二不够吧，澄溪一晚上要四百多呢。,（与上一句部分重叠）,费用,120元；400多元,澄溪,16,
G3-S3,3,34,游客丙,这边一晚才两百出头，差价起码两百。,,费用,200多元；200元,差价,15,
G3-S3,3,35,经理,好，那就按实际差价，每间房退二百。,,费用,200元,差价,14,
G3-S3,3,36,游客丙,差价是差价。换顺序、多跑路，怎么补偿？,,费用,,差价,15,
G3-S3,3,37,经理,每位游客再补偿一百元，明天上车前转给大家。,,费用,100元,,19,
G3-S3,3,38,游客丙,还有，古城和洱海挪到第四天，时间会不会压缩？,,行程变更,第4天,古城；洱海,19,
G3-S3,3,39,经理,不会。第四天全天都在大理，时间一点不少，当晚就住澄溪假日酒店。,,行程变更,第4天,大理；澄溪假日酒店,27,
G3-S3,3,40,游客乙,那今天晚上想去古城呢？,,行程变更,,古城,10,
G3-S3,3,41,经理,今晚想去古城的，十点门口坐车，免费送过去，十一点半接回来。,,行程变更,22:00；23:30,古城,25,
G3-S3,3,42,游客甲,这个可以。,,其他,,,4,
G3-S3,3,43,游客乙,这个可以，这个可以。,（与上一句部分重叠）,其他,,,8,
G3-S3,3,44,游客丙,张经理，这些麻烦写成书面的，您和李导签个字，我们拍照留底。,,其他,,张经理；李导,25,
G3-S3,3,45,经理,没问题，我现在就写。,（向前台借了纸笔）,其他,,,8,
G3-S3,3,46,导游,我念一遍：今晚住远山客栈，每间房退差价二百元；每人补偿一百元；第四天全天游大理古城和洱海，当晚住澄溪假日酒店；今晚十点免费送古城，十一点半接回。,（拿着经理写好的纸念）,费用,200元；100元；第4天；22:00；23:30,远山客栈；差价；大理古城；洱海；澄溪假日酒店；古城,64,
G3-S3,3,47,游客丙,可以，就按这个来。,,其他,,,7,
G3-S3,3,48,游客丙,不过话说在前头：这个方案我们接受，但是保留投诉的权利。哪一条没落实，我们会向旅行社投诉，也会打一二三零一热线。,,其他,12301,,49,
G3-S3,3,49,游客甲,对，保留投诉的权利。,（与上一句部分重叠）,其他,,,8,
G3-S3,3,50,游客乙,保留投诉的权利。,（几个人同时说，这句最清楚）,其他,,,7,
G3-S3,3,51,经理,理解理解，我们一定按上面写的落实。,,其他,,,15,
G3-S3,3,52,导游,大家先办入住，房卡我来发。三零六，两位姐姐的。,,正常讲解,306；2人,,19,
G3-S3,3,53,游客甲,谢谢李导。,,其他,,李导,4,
G3-S3,3,54,导游,今晚十点门口坐车，别忘了啊。,,正常讲解,22:00,,12,
G3-S3,3,55,游客甲,十点门口，忘不了。,,其他,22:00,,7,
G3-S3,3,56,游客乙,忘不了，忘不了。,（与上一句部分重叠）,其他,,,6,
G4-S1,4,1,导游,各位，跟大家说一下今晚的安排。,（拍手示意大家安静）,正常讲解,,,13,
G4-S1,4,2,导游,今晚八点有一场演出，叫《云上花间》，来丽江的客人大多会去看，票价每人二百八十元。,,费用,20:00；280元,云上花间；丽江,34,
G4-S1,4,3,导游,要看的到我这儿登记，七点二十在大堂集合，七点半发车。,,正常讲解,19:20；19:30,,23,
G4-S1,4,4,导游,大家多少支持一下，报名的要是不到十五个人，这个车就不太好协调了。,,威胁消费,15人,,29,
G4-S1,4,5,游客乙,那我们家三个人先报了啊，刚才已经扫码转给你八百四了。,,费用,3人；840元,,24,
G4-S1,4,6,游客甲,等一下，陈导，你先莫急收钱。我记得合同里写着，这个演出是含的。,（从包里拿出合同）,费用,,陈导,26,
G4-S1,4,7,导游,含的？不会吧，演出一直都是自费项目啊。,,费用,,自费项目,16,
G4-S1,4,8,游客甲,你看嘛，合同编号 HT 二零二六 零零零零 幺幺八，第二页，第七条。,（翻开合同）,费用,HT-20260000-118；第2页；第7条,合同编号,26,
G4-S1,4,9,游客甲,上面写着：第三天晚上，观看《云上花间》，B区座位，费用已含在团费里。,,费用,第3天,云上花间；B区；团费,27,
G4-S1,4,10,导游,嗯……是写了。可是那个，我拿到的单子上写的是自费，二百八一位。,（凑近看合同，停顿约两秒）,费用,280元,自费,25,
G4-S1,4,11,游客乙,那就怪了。我们团费每人三千六百八，定金一千，尾款二千六百八十元，一分没少啊。,,费用,3680元；1000元；2680元,团费；定金；尾款,33,
G4-S1,4,12,游客乙,三个人一共一万一千零四十，收据都在我手机里。,,费用,3人；11040元,,20,
G4-S1,4,13,导游,您别着急，我马上打电话问问公司。,,其他,,,14,
G4-S1,4,14,导游,喂，经理，是我。我这个团二十六个人，客人说合同里含《云上花间》。,（拨通电话，开免提）,费用,26人,云上花间,25,
G4-S1,4,15,经理,你把合同号报一下，我查查。,（电话免提，声音较远）,其他,,合同号,11,
G4-S1,4,16,导游,HT 杠 二零二六 四个零 杠 一一八。,,其他,HT-20260000-118,,14,
G4-S1,4,17,经理,嗯，找到了。这个团是九月二十八号签的，签的是品质团。,（电话免提）,费用,9月28日,品质团,22,
G4-S1,4,18,经理,品质团含演出，含的是B区，一百八十块一张。你说的二百八，是A区的价格。,（电话免提）,费用,180元；280元,品质团；B区；A区,30,
G4-S1,4,19,导游,哦，那我手上这张二百八的单子是……,,费用,280元,,14,
G4-S1,4,20,经理,那是经济团的价目单，你拿错了。经济团团费两千八百八，演出是自费的。,（电话免提）,费用,2880元,经济团；价目单；团费；自费,29,
G4-S1,4,21,经理,你们团看B区不用另外收钱，想换A区，补一百块差价就行。,（电话免提）,费用,100元,B区；A区；差价,24,
G4-S1,4,22,游客甲,我就说嘛，合同上白纸黑字写着的。,（与上一句部分重叠）,其他,,,14,
G4-S1,4,23,导游,各位，实在不好意思，是我拿错单子了，十分抱歉。,（挂断电话）,服务态度,,,19,
G4-S1,4,24,游客乙,那我们刚才转的八百四，咋个算？,,费用,840元,,13,
G4-S1,4,25,导游,您家三位要是就看B区，八百四全部退给您。,,费用,3人；840元,B区,18,
G4-S1,4,26,游客乙,A区是前面几排？,,其他,,A区,7,
G4-S1,4,27,导游,A区是第一排到第十排，B区是第十一排到第二十五排，也看得清楚。,,正常讲解,第1排；第10排；第11排；第25排,A区；B区,28,
G4-S1,4,28,游客乙,老人眼神不太好，我们还是换A区吧。补一百，三个人就是三百。,,费用,100元；3人；300元,A区,25,
G4-S1,4,29,导游,好，那八百四里面退您五百八……不是，我是说退五百四，留下三百。,,费用,840元；580元；540元；300元,,25,
G4-S1,4,30,游客乙,八百四减五百四，三百，对的对的。,（低声算）,费用,840元；540元；300元,,13,
G4-S1,4,31,游客甲,那我们其他人只看B区的，是不是一分钱都不用出？,,费用,,B区,21,
G4-S1,4,32,导游,对，其他二十三位看B区，不用交钱。八零六房间的大姐也转了两百八，待会儿退给她。,,费用,23人；806房间；280元,B区,34,
G4-S1,4,33,游客甲,还有，你刚才说不到十五个人车子就不好协调，这话怎么说？,,服务态度,15人,,24,
G4-S1,4,34,导游,那是我说得不对。二十六个人都去，车子肯定安排好。,,服务态度,26人,,21,
G4-S1,4,35,导游,时间我再说一遍：七点二十大堂集合，差十分八点到剧场，在二号门取票。,,正常讲解,19:20；19:50；2号门,,29,
G4-S1,4,36,游客乙,演出要多长时间？,,其他,,,7,
G4-S1,4,37,导游,七十分钟左右，九点十分结束，九点四十以前回到酒店。,,正常讲解,70分钟；21:10；21:40,,22,
G4-S1,4,38,导游,今晚回来得晚，明天早上出发从八点改到八点半。,,行程变更,8:00；8:30,,20,
G4-S1,4,39,游客乙,要得。那五百四你原路转回来就行，我们住幺二幺八。,,费用,540元；1218,,21,
G4-S1,4,40,导游,好，一二一八房间，五百四，现在就转。,（低头在本子上记）,费用,1218房间；540元,,14,
G4-S1,4,41,游客甲,陈导，再确认一下，合同上的第三天就是今天十月十五号吧？,,其他,第3天；10月15日,陈导,24,
G4-S1,4,42,导游,对，今天十五号，第三天，没错。,,其他,15日；第3天,,11,
G4-S1,4,43,游客甲,行，那我没意见了。下回单子可要先看清楚啊。,,服务态度,,,18,
G4-S1,4,44,导游,一定一定。我把账再报一遍：刚才一共收了四位，一千一百二。,,费用,4人；1120元,,24,
G4-S1,4,45,导游,现在退出去八百二，您家五百四，八零六的大姐两百八，留下三百，是A区的差价。,,费用,820元；540元；806；280元；300元,A区；差价,32,
G4-S1,4,46,游客乙,一千一百二减八百二，三百，没错。,,费用,1120元；820元；300元,,13,
G4-S1,4,47,导游,好，大家先回房间歇会儿，七点二十大堂见。,,正常讲解,19:20,,17,
G4-S2,4,1,导游,大家注意一下，人到齐了我们四点半出发，还有一刻钟，五点四十左右到大理吃晚饭。,（用小喇叭）,正常讲解,16:30；15分钟；17:40,大理,34,
G4-S2,4,2,游客甲,陈导，先别急着走，我们几个没坐索道的，钱咋个算？,,费用,,陈导,20,
G4-S2,4,3,游客乙,对，还有我们三个，环湖电瓶车也没坐，是走路过去的。,（与上一句部分重叠）,费用,3人,环湖电瓶车,21,
G4-S2,4,4,导游,好好好，一个一个来。早上在车上收的是索道加电瓶车，每人一百九，一共二十二个人。,,费用,190元；22人,,34,
G4-S2,4,5,导游,望湖索道团队价一百四，环湖电瓶车团队价五十，加起来正好一百九。,,费用,140元；50元；190元,望湖索道；团队价；环湖电瓶车,28,
G4-S2,4,6,游客丙,团队价？售票处牌子上索道写的是一百六，电瓶车六十，要退就该按牌子上的退。,,费用,160元；60元,团队价,32,
G4-S2,4,7,导游,牌子上那是门市价。我们买的是团队价，退也只能按一百四和五十来退。,,费用,140元；50元,门市价；团队价,29,
G4-S2,4,8,游客甲,行，那先把人数理清楚。,,费用,,,9,
G4-S2,4,9,游客甲,没坐索道的，我跟我爱人两个，后排两位老人家，一共四个。,,费用,2人；2人；4人,,23,
G4-S2,4,10,游客甲,排队的时候，屏幕上显示前面还有一百五十一个人，等了四十分钟都没排上，你也没过来管一下。,,服务态度,151人；40分钟,,39,
G4-S2,4,11,导游,这个怪我，当时在山下换票没顾上，跟您道个歉。,,服务态度,,,19,
G4-S2,4,12,游客乙,没坐电瓶车的就我们三个，沿着湖边走了将近一个小时。,,费用,3人；1小时,,23,
G4-S2,4,13,游客丙,我是索道和电瓶车都没坐，中午有点晕车，一直在车上歇着。,,费用,,,24,
G4-S2,4,14,导游,好，那我来算。没坐索道的四位，加上这位大姐，五个人，一人一百四，就是七百。,,费用,4人；5人；140元；700元,,30,
G4-S2,4,15,导游,没坐电瓶车的三位，也加上大姐，四个人，一人五十，两百。,,费用,3人；4人；50元；200元,,22,
G4-S2,4,16,导游,七百加两百，一共退九百。,,费用,700元；200元；900元,,10,
G4-S2,4,17,游客乙,等一下，不对吧。大姐啥都没坐，该退一百九，你没加她这一百九，应该是一千零九十。,（低头按手机计算器）,费用,190元；190元；1090元,,33,
G4-S2,4,18,导游,一千零九十？那……我再算算。,（停顿约两秒）,费用,1090元,,10,
G4-S2,4,19,游客甲,不是不是，你这是算重了。大姐已经算在那五个人和四个人里头了，不能再加一遍。,,费用,5人；4人,,33,
G4-S2,4,20,游客乙,哦，对对对，是我算重了，不好意思啊。,,其他,,,14,
G4-S2,4,21,游客丙,那我的单独算：一百四加五十，一百九，对吧？,,费用,140元；50元；190元,,17,
G4-S2,4,22,导游,没错。九百里头，大姐一百九，您家两位索道二百八，后排两位老人二百八，电瓶车三位一百五。,,费用,900元；190元；2人；280元；2人；280元；3人；150元,,37,
G4-S2,4,23,游客乙,一百九加二百八，再加二百八，七百五，再加一百五，九百。嗯，这回对上了。,,费用,190元；280元；280元；750元；150元；900元,,28,
G4-S2,4,24,导游,不过有个情况，没用的索道票要去窗口退，景区要扣百分之十的手续费。,,费用,10%,手续费,29,
G4-S2,4,25,游客丙,还要扣钱？扣多少？,,费用,,,7,
G4-S2,4,26,导游,一张一百四，扣十四块，退一百二十六。五张就是……六百三十。,,费用,140元；14元；126元；5张；630元,,23,
G4-S2,4,27,游客甲,这不合理嘛。排了四十分钟队，又不是我们不想坐，手续费凭啥我们出？,,费用,40分钟,手续费,28,
G4-S2,4,28,游客乙,就是说嘛，要扣也该旅行社出，你问问公司。,,费用,,,17,
G4-S2,4,29,导游,我问过公司了，五张票的手续费一共七十块，我们拾光滇程旅行社出，大家还是按一百四全额退。,（走到一旁打电话，约半分钟后回来）,费用,5张；70元；140元,手续费；拾光滇程旅行社,39,
G4-S2,4,30,游客丙,这还差不多。,,其他,,,5,
G4-S2,4,31,导游,那就还是九百。现在四点二十，我五点以前去窗口退那五张索道票。电瓶车是上车刷卡的，钱本来就在我这儿。,,费用,900元；16:20；17:00；5张,,44,
G4-S2,4,32,游客甲,那钱是现在给，还是晚上给？,,费用,,,11,
G4-S2,4,33,导游,现在就给。您家两位，二百八，现金，您点一下。,,费用,2人；280元,,17,
G4-S2,4,34,游客甲,一百，两百，两百二，两百四，两百六，两百八。对的。,（边数边念）,费用,100元；200元；220元；240元；260元；280元,,18,
G4-S2,4,35,游客乙,我们三个电瓶车的一百五，扫码转我就行。,,费用,3人；150元,,17,
G4-S2,4,36,导游,好，一百五十块，转过去了，您看看到账没有。,,费用,150元,,17,
G4-S2,4,37,游客乙,到了，一百五十整。,,费用,150元,,7,
G4-S2,4,38,游客丙,那我的一百九呢？,,费用,190元,,7,
G4-S2,4,39,导游,大姐，您的一百九给现金：一百的一张，五十的一张，二十的两张，您收好。,,费用,190元；100元；1张；50元；1张；20元；2张,,28,
G4-S2,4,40,游客丙,收到了，谢谢陈导。,,其他,,陈导,7,
G4-S2,4,41,导游,后排两位老人家的二百八，我上车再给。一共九百，分四笔：一百九、二百八、二百八、一百五。,,费用,2人；280元；900元；4笔；190元；280元；280元；150元,,35,
G4-S2,4,42,游客甲,行，那你赶紧去退票，别过了五点。,,费用,17:00,,13,
G4-S2,4,43,导游,好。我四点四十回来，出发时间从四点半改到四点五十，晚饭也从五点四十改到六点。,,行程变更,16:40；16:30；16:50；17:40；18:00,,34,
G4-S2,4,44,游客丙,要得，我们先上车等你。,,其他,,,9,
G4-S3,4,1,司机,各位，咱们从石林出来了，现在三点二十，离昆明还有八十多公里，前面服务区停十五分钟。,（用车载扩音器）,正常讲解,15:20；80多公里；15分钟,石林；昆明,36,
G4-S3,4,2,导游,趁这会儿，我把大家这六天五晚的自费账单对一下，那个，有问题现在就提。,,费用,6天5晚,自费,30,
G4-S3,4,3,导游,先从前排开始。大哥大姐，您二位的单子在这儿。,（走到前排）,费用,2人,,19,
G4-S3,4,4,游客甲,好，你念，我对着本子看。,（拿出笔记本）,其他,,,9,
G4-S3,4,5,导游,第一天在昆明，你们预交了一千二。,,费用,第1天；1200元,昆明；预交,14,
G4-S3,4,6,导游,十月十四号骑马，每人二百，两位四百；十五号游船，每人一百二，两位二百四。,,费用,10月14日；200元；2人；400元；15日；120元；2人；240元,,30,
G4-S3,4,7,游客甲,对，四百，二百四，跟我本子上一样。,,费用,400元；240元,,13,
G4-S3,4,8,导游,十六号晚上泡温泉，每人一百六十八，两位三百三十六。,,费用,16日；168元；2人；336元,,22,
G4-S3,4,9,游客乙,等等，温泉那天你在车上说的是打九折。,（与上一句部分重叠）,费用,9折,,16,
G4-S3,4,10,导游,九折是满十个人才有，那天报名的只有九个人，没够。,,费用,9折；10人；9人,,21,
G4-S3,4,11,游客甲,你当时说的是报了就九折，没说要满十个人，车上好些人都听见了。,,费用,9折；10人,,27,
G4-S3,4,12,导游,这个是我没说清楚，是我的问题。,,服务态度,,,13,
G4-S3,4,13,游客乙,按九折算，一百六十八就是一百五十一块二，两个人三百零二块四。,（按手机计算器）,费用,9折；168元；151.2元；2人；302.4元,,27,
G4-S3,4,14,游客乙,跟三百三十六一比，差了三十三块六。,,费用,336元；33.6元,,15,
G4-S3,4,15,导游,嗯，差三十三块六。这个我回去跟公司申请，批下来就退给您。,,费用,33.6元,,24,
G4-S3,4,16,导游,再往下，十七号的篝火晚会，每人八十，两位一百六。,,费用,17日；80元；2人；160元,,20,
G4-S3,4,17,游客甲,篝火晚会那天晚上下雨，不是临时取消了吗？,,行程变更,,,18,
G4-S3,4,18,导游,哎，对对，取消了，这一百六不该收，我划掉。,（翻看账单）,费用,160元,,16,
G4-S3,4,19,导游,最后是旅拍，就大姐拍了，三百九十九。,,费用,399元,旅拍,15,
G4-S3,4,20,游客乙,那我算一下总数：四百、二百四、三百三十六、三百九十九，一共是……一千三百七十五。,,费用,400元；240元；336元；399元；1375元,,32,
G4-S3,4,21,导游,对，一千三百七十五，减掉预交的一千二，还要补一百七十五。,,费用,1375元；1200元；175元,预交,24,
G4-S3,4,22,游客甲,要是按九折，就该补一百四十一块四，四毛钱就算了。,,费用,9折；141.4元；0.4元,,21,
G4-S3,4,23,导游,大姐，九折我现在做不了主，今天先按一百七十五收，公司批了，三十三块六一分不少退给您。,,费用,9折；175元；33.6元,,37,
G4-S3,4,24,游客甲,那行，钱我先交。不过有几个号码我得记一下，回去打幺二三零幺问问，到底该咋个算。,,费用,12301,,34,
G4-S3,4,25,导游,可以可以，您问，这是您的权利。,,其他,,,12,
G4-S3,4,26,游客甲,陈导，先说你的导游证号。,（拿起笔）,其他,,陈导；导游证号,10,
G4-S3,4,27,导游,YN，零零零零，三七二一。,,其他,YN-0000-3721,,10,
G4-S3,4,28,游客甲,YN，四个零，三七二幺，是这个吧？,（边写边念）,其他,YN-0000-3721,,13,
G4-S3,4,29,导游,对。旅行社电话是零八七一 零零零零 六六八八，拾光滇程旅行社。,,其他,0871-0000-6688,拾光滇程旅行社,26,
G4-S3,4,30,游客乙,零八七幺，四个零，然后是两个六两个八？,,其他,0871-0000-6688,,16,
G4-S3,4,31,导游,对，六六八八。,,其他,6688,,5,
G4-S3,4,32,游客甲,合同编号呢？我们那份合同没带在身上。,,其他,,合同编号,16,
G4-S3,4,33,导游,合同编号是 HT 杠 二零二六零零零零 杠 一一八。,,其他,HT-20260000-118,合同编号,20,
G4-S3,4,34,游客甲,HT，二零二六，四个零，幺幺八。,（边写边念）,其他,HT-20260000-118,,12,
G4-S3,4,35,游客乙,还有订单号，账单上印着呢，我念啊：DD 零零零零 五五六六。,,其他,DD-0000-5566,订单号,24,
G4-S3,4,36,导游,对，DD 杠 四个零 杠 五五六六，就是这个。,,其他,DD-0000-5566,,16,
G4-S3,4,37,游客乙,打一二三零一不行的话，打一二三四五也可以。,,其他,12301；12345,,19,
G4-S3,4,38,导游,都可以。大哥，您直接打我们旅行社电话也行，我回去也会一五一十跟公司说清楚。,,其他,,,33,
G4-S3,4,39,游客甲,好，那今天先补一百七十五，你给我写个收条，写上十月十八号。,,费用,175元；10月18日,,25,
G4-S3,4,40,导游,好，收条上写：今收到一百七十五元整，二零二六年十月十八日，后面再写上我的导游证号。,（低头写收条）,费用,175元；2026年10月18日,导游证号,36,
G4-S3,4,41,游客乙,一百七十五，转过去了。,（扫码付款）,费用,175元,,9,
G4-S3,4,42,导游,收到了。差价那三十三块六，公司批了以后，一般七个工作日到账。,,费用,33.6元；7个工作日,差价,26,
G4-S3,4,43,司机,服务区到了，停十五分钟，三点五十准时开车，大家贵重物品随身带好。,（用车载扩音器）,正常讲解,15分钟；15:50,,28,
G4-S3,4,44,导游,到昆明大概四点四十，下车前大家把账单收好。,,正常讲解,16:40,昆明,19,
G4-S3,4,45,游客甲,号码都记齐了，回去先打电话问问，九折到底算不算。,（压低声音，对游客乙）,费用,9折,,21,
G5-S1,5,1,导游,各位朋友，下午好！咱们从大理出发，往丽江走，路上时间长，我先跟大家聊几句。,（用车载扩音器）,正常讲解,,大理；丽江,31,
G5-S1,5,2,导游,我是雾隐行舟旅行社的老导游，大家叫我杨导就行，在雾隐行舟带团带了快二十年了。,,其他,20年,雾隐行舟旅行社；杨导；雾隐行舟,35,
G5-S1,5,3,游客甲,快二十年，那是老资格了。杨导辛苦！,,其他,20年,杨导,14,
G5-S1,5,4,导游,不辛苦。跟大家说句实在话，我老家就在普洱，家里有几片茶山，种的全是古树茶。,,购物安排,,普洱；古树茶,32,
G5-S1,5,5,导游,今天呢，我带了点自家做的普洱茶，牌子叫百年茶语，给大家尝一尝，不买没关系。,（一边说一边给前排游客分小纸杯）,购物安排,,普洱茶；百年茶语,32,
G5-S1,5,6,游客乙,百年茶叶？这牌子没听说过。,,购物安排,,百年茶叶,11,
G5-S1,5,7,导游,不是茶叶，是茶语，说话那个语，百年茶语。,,购物安排,,茶语；百年茶语,16,
G5-S1,5,8,游客甲,嗯，味道挺醇的。杨导，这个是生普还是熟普啊？,（喝了一口）,购物安排,,杨导；生普；熟普,18,
G5-S1,5,9,导游,您手上这杯是熟普，颜色红亮，喝着顺口。等会儿再尝尝生普，那个清爽，回甘也好。,,购物安排,,熟普；生普,32,
G5-S1,5,10,司机,前面弯道多，站着的朋友先坐下啊。,（与上一句部分重叠）,正常讲解,,,14,
G5-S1,5,11,导游,好嘞，听师傅的，大家坐稳了再喝。,,正常讲解,,,13,
G5-S1,5,12,游客乙,那这个熟普怎么卖啊？,,费用,,熟普,9,
G5-S1,5,13,导游,熟普每饼三百五十七克，外面卖六百八，今天车上的朋友就收四百八。生普也是古树茶，贵一点，要一千二。,,费用,357克；680元；480元；1200元,熟普；生普；古树茶,42,
G5-S1,5,14,游客乙,四百八也不便宜啊。我们在昆明逛的时候，差不多的熟普才两百多。,,费用,480元；200多元,昆明；熟普,27,
G5-S1,5,15,导游,大姐，那不一样。外面多半是普通茶园的，咱们这是正宗古树茶，茶山在普洱，挨着西双版纳。,,购物安排,,古树茶；普洱；西双版纳,36,
G5-S1,5,16,游客甲,杨导，你说是自己家的茶，那怎么还有个牌子呢？,,购物安排,,杨导,19,
G5-S1,5,17,导游,哎，百年茶语就是我们自家注册的牌子嘛。自己种、自己做、自己卖，价格才实在。,,购物安排,,百年茶语,31,
G5-S1,5,18,游客乙,去年我们跟松风晚渡旅行社去西双版纳，人家那个导游，一路上啥也没卖。,（压低声音对游客甲说）,购物安排,,松风晚渡旅行社；西双版纳,30,
G5-S1,5,19,游客甲,松风……松风行舟是吧？,,其他,,松风；松风行舟,8,
G5-S1,5,20,游客乙,什么松风行舟，是松风晚渡！雾隐行舟是现在这家，你把两家搞混了。,,其他,2家,松风行舟；松风晚渡；雾隐行舟,27,
G5-S1,5,21,导游,对对，大姐记性好。松风是松风，咱们雾隐这边，就是想让大家带点真东西回去。,（听到了，笑着接话）,购物安排,,松风；松风；雾隐,31,
G5-S1,5,22,司机,杨导，前面服务区要停一下，车要加水。,,正常讲解,,杨导,15,
G5-S1,5,23,导游,要得。各位，前面服务区停二十分钟，下午三点十分准时上车啊。,,正常讲解,20分钟；15:10,,25,
G5-S1,5,24,导游,趁还没到，大家看看要不要带点茶回去。买两饼熟普，我再送一盒鲜花饼。,,购物安排,2饼；1盒,熟普；鲜花饼,29,
G5-S1,5,25,游客甲,老伴儿，要不买一饼熟普尝尝？我觉得味道真不错。,,购物安排,1饼,熟普,20,
G5-S1,5,26,游客乙,你急什么，到了丽江、束河，茶叶店多的是，比一比再说。,,购物安排,,丽江；束河,21,
G5-S1,5,27,导游,大姐，外面的店您不知道底细。大家多少支持一下我的工作，后面到丽江、束河的安排，我也好协调得周到一点。,（语气放慢）,威胁消费,,丽江；束河,44,
G5-S1,5,28,游客乙,杨导，这话就不对了。买不买茶，跟后面的安排有啥关系？,,服务态度,,杨导,22,
G5-S1,5,29,导游,没关系没关系，大姐别误会，我就是随口一说，买不买都是自愿的。,,服务态度,,,26,
G5-S1,5,30,游客甲,杨导，那熟普四百八，能不能再少点？三百八……不是，我是说四百，四百我就拿一饼。,,费用,480元；380元；400元；400元；1饼,杨导；熟普,31,
G5-S1,5,31,导游,四百……哎呀，这个价我真没赚头。看大哥爽快，四百二，鲜花饼照样送一盒。,,费用,400元；420元；1盒,鲜花饼,28,
G5-S1,5,32,游客甲,四百二就四百二。那个生普就算了，一千二的古树茶，喝着心疼。,,费用,420元；420元；1200元,生普；古树茶,25,
G5-S1,5,33,游客乙,买可以，杨导，你得开个收据，写清楚是哪家卖的，雾隐行舟还是百年茶语。,,费用,,杨导；雾隐行舟；百年茶语,29,
G5-S1,5,34,导游,这个……收据就写百年茶语吧，茶是茶语自己出的，跟雾隐行舟没关系。,（停顿约两秒）,购物安排,,百年茶语；茶语；雾隐行舟,27,
G5-S1,5,35,游客乙,那就是说，这茶要是有问题，雾隐那家旅行社不管？,,购物安排,,雾隐那家旅行社,20,
G5-S1,5,36,导游,管，肯定管！有问题随时找我，我杨导在雾隐行舟干了快二十年，跑不了的。,,购物安排,20年,杨导；雾隐行舟,29,
G5-S1,5,37,游客乙,行吧。回去喝着要是跟昆明两百多的一个样，我可要打一二三零一。,,购物安排,200多元；12301,昆明,27,
G5-S1,5,38,导游,要得要得，欢迎大家随时监督。,,其他,,,12,
G5-S1,5,39,司机,服务区到了啊，大家拿好随身物品，注意脚下。,,正常讲解,,,18,
G5-S1,5,40,导游,大家记住，下午三点十分，还是这辆车，车门边上插着雾隐行舟的小旗子。,（用车载扩音器）,正常讲解,15:10,雾隐行舟,29,
G5-S2,5,1,导游,来来来，雾隐行舟的朋友们，都往我这边靠一靠！咱们到景区门口了。,（举着小旗，提高音量）,正常讲解,,雾隐行舟,27,
G5-S2,5,2,游客乙,雾隐行舟？杨导，我们报的不是松风晚渡旅行社的团吗？,,其他,,雾隐行舟；杨导；松风晚渡旅行社,22,
G5-S2,5,3,导游,对，松风晚渡是组团社，在昆明跟大家签的合同；我们雾隐行舟旅行社是地接社，大理、丽江这一段，都归我们接待。,,正常讲解,,松风晚渡；昆明；雾隐行舟旅行社；大理；丽江,45,
G5-S2,5,4,游客丙,哦，就是松风那家把我们交给了雾隐晚渡。,,其他,,松风那家；雾隐晚渡,17,
G5-S2,5,5,导游,雾隐行舟，不是雾隐晚渡。人家那家叫松风晚渡，两家名字是有点像。,,其他,2家,雾隐行舟；雾隐晚渡；松风晚渡,27,
G5-S2,5,6,导游,好，门票我已经统一买好了，发门票之前呢，跟大家说个事儿。,,正常讲解,,,24,
G5-S2,5,7,导游,按照惯例，咱们每位交一百块服务费，我这边统一收一下，现金、扫码都行。,,费用,100元,,29,
G5-S2,5,8,游客丙,一百块？我们单位这次来了十二个人，那就是一千二了。,,费用,100元；12人；1200元,,22,
G5-S2,5,9,游客乙,服务费？杨导，这个服务费，说白了是不是就是小费啊？,,费用,,杨导,21,
G5-S2,5,10,导游,哎，也不能这么说。这一百块不白交，一路给大家讲解、拍照，晚上还请大家喝古树茶，普洱那边带过来的。,,费用,100元,古树茶；普洱,41,
G5-S2,5,11,导游,还有，后天去束河，在晓月银坊买东西，报我杨导的名字，能打九折。,,购物安排,9折,束河；晓月银坊；杨导,26,
G5-S2,5,12,游客丙,晓月什么？我们也没说要买银器啊。,,购物安排,,晓月,14,
G5-S2,5,13,游客甲,等一下，报名是我经手的，松风晚渡发的电子合同，我存在手机里了。,（低头翻手机）,费用,,松风晚渡,27,
G5-S2,5,14,游客甲,你们听啊：团费包含景点首道门票、住宿、团餐，还有导游服务费。,（照着手机念）,费用,,,25,
G5-S2,5,15,游客乙,听见没有？导游服务费已经包含在团费里了，每人三千八，我们早就交过了。,,费用,3800元,,30,
G5-S2,5,16,导游,合同上那个是导服费，就是说，是松风晚渡跟我们雾隐行舟结算的。我说的是给我个人的服务费，两码事。,,费用,,松风晚渡；雾隐行舟,42,
G5-S2,5,17,游客丙,那合同里有没有写，还要另外交个人服务费？,,费用,,,18,
G5-S2,5,18,导游,合同里是没写，但我们这行一直都是这个惯例，大家出来玩，图个开心嘛。,,费用,,,29,
G5-S2,5,19,游客乙,合同里没写的，就不该收。,,费用,,,10,
G5-S2,5,20,游客丙,算了吧，一百块钱，给就给了，别闹得大家不愉快。,（小声对游客乙说）,费用,100元,,19,
G5-S2,5,21,游客乙,不是钱多钱少的问题。去年我们去西双版纳，也是报的松风晚渡，那边的导游可没多收过钱。,,费用,,西双版纳；松风晚渡,37,
G5-S2,5,22,导游,西双版纳那边是那边嘛。大家出来玩，和和气气的，后面丽江、束河的行程，我也好给大家安排得顺当一点。,,威胁消费,,西双版纳；丽江；束河,42,
G5-S2,5,23,游客甲,杨导，你这话什么意思？不交服务费，后面就不顺当了？,,服务态度,,杨导,21,
G5-S2,5,24,导游,不是不是，您误会了！行程肯定按合同走，大理、丽江、束河，哪个景点都不会少。,（与上一句部分重叠）,服务态度,,大理；丽江；束河,30,
G5-S2,5,25,游客丙,那这个服务费，到底是必须交，还是自愿交？,,费用,,,17,
G5-S2,5,26,导游,这个……原则上是自愿，但一般大家都会交。,,费用,,,16,
G5-S2,5,27,游客乙,原则上自愿，那我就不交了。实在说不清，我们就打一二三零一问问。,,费用,12301,,27,
G5-S2,5,28,游客甲,对，要不然直接找松风晚渡，向旅行社投诉，合同上就印着他们的电话。,,费用,,松风晚渡,28,
G5-S2,5,29,导游,莫急莫急，不用打，不用打！自愿的，真的是自愿的，不交也没关系。,（连忙摆手）,费用,,,25,
G5-S2,5,30,导游,刚才是我没说清楚，给大家道个歉。服务费的事，就当我没提。,,服务态度,,,24,
G5-S2,5,31,游客丙,这样就好嘛。杨导，我们也不是不讲理，合同里写了的，我们都认。,,服务态度,,杨导,25,
G5-S2,5,32,游客乙,那晚上的古树茶还请不请？别到时候又说要另外收钱。,,费用,,古树茶,22,
G5-S2,5,33,导游,请，照样请！普洱茶管够，还有鲜花饼，都不收钱。,,费用,,普洱茶；鲜花饼,18,
G5-S2,5,34,游客甲,那还差不多。杨导，那你把门票发一下吧。,,其他,,杨导,16,
G5-S2,5,35,导游,好，每人一张，拿好了。进去以后自由活动，上午十一点半还在这个门口集合，吃完午饭去喜洲。,（一边发门票一边说）,正常讲解,1张；11:30,喜洲,37,
G5-S2,5,36,导游,里面人多，大家看好随身物品。认准这面旗子，上面写着雾隐行舟，别跟着松风……别跟着别的团走了啊。,,正常讲解,,雾隐行舟；松风,40,
G5-S2,5,37,游客丙,雾隐行舟，十一点半，记住了。,,其他,11:30,雾隐行舟,11,
G5-S3,5,1,导游,来，先喝口普洱茶，菜马上就上。今天在丽江古城逛累了吧？,（给大家倒茶）,其他,,普洱茶；丽江,23,
G5-S3,5,2,游客甲,还行还行。杨导，明天上午是去束河吧？,,其他,,杨导；束河,15,
G5-S3,5,3,导游,对，明天上午去束河，下午自由活动。哎，听说你们俩是专门来拍婚纱照的？,,正常讲解,,束河,29,
G5-S3,5,4,游客乙,是啊，年底办酒，先出来玩玩。,（笑）,其他,,,11,
G5-S3,5,5,导游,那可得好好挑件纪念品。结婚嘛，买个玉镯子、银手镯，戴一辈子，多有意义。,,购物安排,,,29,
G5-S3,5,6,导游,我给你们推荐三家店。第一家，听松阁玉器行，就在丽江古城里头，专门卖玉镯子，冰种、糯种都有。,,购物安排,3家；第1家,听松阁玉器行；丽江；冰种；糯种,38,
G5-S3,5,7,游客乙,杨导，冰种、糯种是啥意思啊？,,购物安排,,杨导；冰种；糯种,11,
G5-S3,5,8,导游,冰种就是透亮，跟冰一样；糯种没那么透，看着润润的。,,购物安排,,冰种；糯种,21,
G5-S3,5,9,游客甲,那另外两家呢？,,购物安排,2家,,6,
G5-S3,5,10,导游,第二家，古城边上的翠微坊珠宝店，飘花的镯子特别多。,,购物安排,第2家,翠微坊珠宝店；飘花,22,
G5-S3,5,11,导游,第三家就在束河，叫晓月银坊，专门做银饰，全是足银，九九九的。,,购物安排,第3家；999,束河；晓月银坊；足银；九九九,25,
G5-S3,5,12,游客丙,等一下，杨导，这三家，到底哪家最正宗啊？,,购物安排,3家,杨导,16,
G5-S3,5,13,导游,要说玉器，那还是听松阁正宗，二十多年的老店了。,,购物安排,20多年,听松阁,20,
G5-S3,5,14,游客甲,我前几天在大理，满街都是冰种、糯种的牌子，家家都说自己是老店。,,购物安排,,大理；冰种；糯种,27,
G5-S3,5,15,游客丙,可是那个……我在网上看，好多人说翠微坊的更正宗，价格也透明。,,购物安排,,翠微坊,25,
G5-S3,5,16,导游,翠微坊也不错，就是贵。同样是冰种的镯子，听松阁一万二起，翠微坊得一万五往上。,,费用,12000元；15000元,翠微坊；冰种；听松阁；翠微坊,33,
G5-S3,5,17,游客乙,一万二？那也太贵了！糯种的呢？,,费用,12000元,糯种,12,
G5-S3,5,18,导游,糯种便宜多了，带点飘花的，四千五左右，自己戴、送人都合适。,,费用,4500元,糯种；飘花,24,
G5-S3,5,19,游客乙,老公，要不回头去那个听松坊，看看糯种的？,,购物安排,,听松坊；糯种,17,
G5-S3,5,20,游客丙,什么听松坊，是听松阁！坊是翠微坊的坊，你把两家拼一块儿了。,,购物安排,2家,听松坊；听松阁；翠微坊,25,
G5-S3,5,21,游客甲,我也晕了。还有那个做银饰的，叫晓月阁？,,购物安排,,晓月阁,16,
G5-S3,5,22,导游,晓月银坊，银子的银，作坊的坊。阁是听松阁，别记混了。,,购物安排,,晓月银坊；听松阁,21,
G5-S3,5,23,游客丙,我记一下啊：听松阁玉器行，翠微坊珠宝店，晓月银坊。,（拿出手机边念边打字）,购物安排,,听松阁玉器行；翠微坊珠宝店；晓月银坊,21,
G5-S3,5,24,游客甲,杨导，晓月银坊那个足银，真是九九九的？,,购物安排,999,杨导；晓月银坊；足银；九九九,16,
G5-S3,5,25,导游,那当然，每件都打了钢印，足银九九九，假不了。,,购物安排,999,足银；九九九,18,
G5-S3,5,26,导游,一对足银手镯三百八，还能刻上你们俩的名字，当场就做好。,,费用,1对；380元,足银,24,
G5-S3,5,27,游客丙,三百八倒还行。不过杨导，你推荐的这三家，是不是都有提成啊？,,费用,380元；3家,杨导,25,
G5-S3,5,28,导游,这个……不瞒你们说，介绍客人过去，店里多少会给点辛苦费，但东西肯定是真的。,（停顿约两秒，笑了笑）,费用,,,31,
G5-S3,5,29,游客甲,那我们自己去，不说是杨导介绍的，是不是还能便宜点？,,费用,,杨导,22,
G5-S3,5,30,导游,那可不一定，报我名字才有折扣。要不这样，明天上午在束河，我先带你们去晓月银坊；下午自由活动那会儿，我再陪你们去趟翠微坊？,,购物安排,,束河；晓月银坊；翠微坊,53,
G5-S3,5,31,游客乙,下午我们约了拍照，行程就别改了吧。,,行程变更,,,15,
G5-S3,5,32,游客丙,就是。东西好不好，我们得先回去查一查，不着急。,,购物安排,,,19,
G5-S3,5,33,导游,行行行，听你们的。不过冰种的好货不多，去晚了可能就被人挑走了。,,购物安排,,冰种,27,
G5-S3,5,34,游客甲,没事，真喜欢的话，回昆明之前再买也来得及。,,购物安排,,昆明,18,
G5-S3,5,35,游客乙,对了杨导，你说的听松阁，跟我们在喜洲路过的那家玉器店，是不是同一个老板开的？,,购物安排,,杨导；听松阁；喜洲,34,
G5-S3,5,36,导游,不是的。喜洲那家我不了解，不好乱说，我推荐的就这三家。,,购物安排,3家,喜洲,23,
G5-S3,5,37,游客丙,好，那我们回去比一比。听松阁、翠微坊、晓月银坊，我都记下来了。,,购物安排,,听松阁；翠微坊；晓月银坊,25,
G5-S3,5,38,导游,要得，你们慢慢比。来来来，鲜花饼上来了，先吃饭，先吃饭。,,其他,,鲜花饼,22,
G5-S3,5,39,游客甲,这个鲜花饼不错，比在昆明吃的还香。,,其他,,鲜花饼；昆明,15,
G5-S3,5,40,导游,喜欢的话，晓月银坊隔壁就有卖鲜花饼的，明天顺手带两盒。,,购物安排,2盒,晓月银坊；鲜花饼,24,
G5-S3,5,41,游客乙,你看，又绕回晓月那家了。,（小声对游客丙说）,购物安排,,晓月那家,10,
G5-S3,5,42,游客丙,先吃饭，回去再说。,（小声）,其他,,,7,
G6-S1,6,1,导游,来来来，大家先到门口集合一下，我点个人数啊。,（拿着小喇叭，站在玉器城门口）,正常讲解,,,19,
G6-S1,6,2,游客甲,赵导，十二个人都在，一个不少。,,其他,12人,赵导,12,
G6-S1,6,3,导游,好，辛苦大家。在锦程玉器城也逛了四十多分钟了，我简单说两句。,,购物安排,40多分钟,锦程玉器城,26,
G6-S1,6,4,导游,咱们团今天这个情况，我不多讲，大家心里应该都有数。,,威胁消费,,,22,
G6-S1,6,5,游客乙,啥情况啊？我们就是进去看看，没看到合适的，就没买嘛。,,购物安排,,,22,
G6-S1,6,6,导游,看看是应该的。可十二个人进去，出来手上都空空的，我回去也不太好交代。,,威胁消费,12人,,30,
G6-S1,6,7,导游,上午别的团在这儿，人均都过千，人家下午的安排就宽松得多。,,威胁消费,1000元,,25,
G6-S1,6,8,导游,咱们下午石林几点进园、待多长时间，说实话，也要看上午这边的情况来排。,,威胁消费,,石林,30,
G6-S1,6,9,游客甲,赵导，你的意思是，我们买得少，下午石林就去不成了？,（与上一句部分重叠）,行程变更,,赵导；石林,21,
G6-S1,6,10,导游,不是不是，石林肯定去，行程单上写着的，大家放心。,（连忙摆手）,行程变更,,石林,20,
G6-S1,6,11,导游,我是说……不是，我的意思是，去了是慢慢逛，还是转一圈就上车，那就不好讲了。,,威胁消费,,,30,
G6-S1,6,12,游客乙,石林门票是含在团费里的，我们是交了钱的呀。,,费用,,石林,19,
G6-S1,6,13,导游,含的含的。可大家算算，一千三百八玩五天，吃住行全包，这个账是怎么平的？,,费用,1380元；5天,,30,
G6-S1,6,14,导游,我也不是逼大家，就是提个醒，大家多少支持一下，后面的事才好办。,,威胁消费,,,27,
G6-S1,6,15,店员,各位哥哥姐姐，门口柜台也有小件，挂件、手串都有，最便宜的一百二十八。,（从店里走到门口柜台）,购物安排,128元,挂件；手串,29,
G6-S1,6,16,店员,您看这个糯种平安扣，带鉴定证书，送人、自己戴都合适。,,购物安排,,糯种；平安扣；鉴定证书,22,
G6-S1,6,17,游客甲,这个倒挺秀气的，我拿起来看看。,,购物安排,,,13,
G6-S1,6,18,店员,标价一百六十八，团里的客人买，给您抹个零，算一百六。,,费用,168元；160元,,22,
G6-S1,6,19,游客甲,咋个整？要不咱们意思意思，买个小的，下午也省得麻烦。,（压低声音，对游客乙）,购物安排,,,22,
G6-S1,6,20,游客乙,我不买。合同写得清清楚楚，购物自愿，买不买都不该影响行程。,（压低声音）,购物安排,,,25,
G6-S1,6,21,游客甲,道理我懂，可万一下午真被压缩了，大老远跑一趟，划不来嘛。,,行程变更,,,24,
G6-S1,6,22,游客乙,你别被这几句话绕进去。你想买就买，我反正一样都不买。,,购物安排,,,23,
G6-S1,6,23,导游,这位大姐会体谅人。挑个小的也是份心意，大家都像大姐这样，下午就好商量了。,（看见游客甲拿着平安扣，走过来）,威胁消费,,,32,
G6-S1,6,24,游客甲,行，那我就要这个平安扣，麻烦帮我包一下。,,购物安排,,平安扣,17,
G6-S1,6,25,店员,要得，一共一百六，这边扫码，证书给您放袋子里。,,费用,160元,,19,
G6-S1,6,26,导游,大家再进去转十分钟，有看上的别犹豫，下午的时间，我尽量往宽了排。,,威胁消费,10分钟,,28,
G6-S1,6,27,游客乙,赵导，我把话说在前头，我不买东西，下午石林该怎么走，就得怎么走。,,行程变更,,赵导；石林,27,
G6-S1,6,28,导游,大哥，我又没说不带你玩。大家是一个团的，好多事情是连在一起的。,,威胁消费,,,27,
G6-S1,6,29,导游,你一个人不买没关系，可要是人人都这么想，计调一看单子，下午的车我还得去磨。,,威胁消费,,计调,33,
G6-S1,6,30,游客乙,赵导，你这么说话，大家听着心里都不舒服。,（打断导游）,服务态度,,赵导,17,
G6-S1,6,31,导游,我这人说话直，有不中听的地方，大哥别往心里去。,,服务态度,,,20,
G6-S1,6,32,导游,下午的讲解，我肯定好好讲。大家高兴，我也有劲，这就看大家给不给面子了。,,威胁消费,,,30,
G6-S1,6,33,游客乙,你这些话我都记下了。回去我会如实向听澜百川旅行社反映，也会打一二三零一。,,服务态度,12301,听澜百川旅行社,33,
G6-S1,6,34,导游,反映是您的权利。我只是希望大家将心比心，趁最后十分钟再进去看看，后面几天咱们都顺顺当当的。,,威胁消费,10分钟,,41,
G6-S1,6,35,游客甲,好了好了，都少说两句，太阳这么大，先上车吧。,（拉了拉游客乙的袖子）,其他,,,18,
G6-S1,6,36,导游,好，现在十一点四十，大家去趟洗手间，十一点五十门口上车。,,正常讲解,11:40；11:50,,24,
G6-S1,6,37,导游,中午到石林吃饭，饭后两点左右进景区。,,正常讲解,14:00,石林,16,
G6-S1,6,38,导游,石林是喀斯特地貌，那些石头是水流长年累月溶蚀出来的，到了再给大家细讲。,,正常讲解,,石林,32,
G6-S1,6,39,导游,景区里石缝窄、台阶多，大家注意脚下，拍照别往石头上爬。,,正常讲解,,,23,
G6-S1,6,40,游客乙,这个我同意，安全第一。,,其他,,,9,
G6-S1,6,41,店员,各位慢走，下回来昆明，再来店里坐坐。,（在门口挥手）,其他,,昆明,15,
G6-S2,6,1,司机,赵导，马上上高速了，你提醒大家把安全带系上。,,正常讲解,,赵导,19,
G6-S2,6,2,导游,好嘞师傅。各位，车马上上高速，大家系好安全带，过道别站人啊。,（用车载扩音器）,正常讲解,,,25,
G6-S2,6,3,导游,今天咱们从昆明去大理，路上四个半小时左右，中间在服务区歇个脚。,,正常讲解,4.5小时,昆明；大理,28,
G6-S2,6,4,游客丙,四个半小时啊，那到大理差不多下午两点了。,,其他,4.5小时；14:00,大理,18,
G6-S2,6,5,导游,对，大叔算得准。大理古城走路多，下午穿双舒服的鞋。,,正常讲解,,大理,21,
G6-S2,6,6,导游,趁路上有空，跟大家交个底，说几句掏心窝子的话。,,其他,,,20,
G6-S2,6,7,导游,咱们这个团是听澜百川旅行社组的，团费一千三百八，五天四晚，吃住行加门票全包。,,费用,1380元；5天4晚,听澜百川旅行社,34,
G6-S2,6,8,导游,大家报名前肯定比过价，这个价钱什么水平，不用我多说。,,费用,,,23,
G6-S2,6,9,导游,说白了，团费就这么点，这个团能不能走得舒舒服服，全靠大家支持。,,威胁消费,,,27,
G6-S2,6,10,导游,我这个导游当得好不好，跟大家后面玩得顺不顺，其实是拴在一根绳上的。,,威胁消费,,,30,
G6-S2,6,11,游客丁,支持？赵导，你说的支持，具体是啥意思啊？,,其他,,赵导,16,
G6-S2,6,12,导游,也没别的。明天上午有家银器店，后天丽江还有家普洱茶店，大家进去看看，合适就带点回去。,,购物安排,,银器；丽江；普洱茶,37,
G6-S2,6,13,导游,当然，买不买随大家。我就是说，大家心里都有杆秤，自己掂量掂量。,,威胁消费,,,26,
G6-S2,6,14,导游,昨天在锦程玉器城，咱们团基本没怎么动，上面已经有点看法了。,,威胁消费,,锦程玉器城,26,
G6-S2,6,15,导游,上一个团的朋友就特别给力，酒店那边给他们排的都是好房间。,,威胁消费,,,26,
G6-S2,6,16,游客丙,怎么，买东西还跟晚上住哪儿挂钩啊？,（与上一句部分重叠）,服务态度,,,15,
G6-S2,6,17,导游,也不是说一定挂钩。房间是统一排的，排的时候看的是团里的整体情况。,,威胁消费,,,29,
G6-S2,6,18,导游,后面几晚住的地方，我还在跟那边协调，具体怎么安排，还要看这两天大家的情况。,,威胁消费,,,33,
G6-S2,6,19,导游,要是大家都无所谓，那晚上的住宿可能就得调整一下，换个地方住，反正就是睡一觉的事嘛。,,威胁消费,,,37,
G6-S2,6,20,游客丁,换地方？换到哪儿去？离古城远不远啊？,,行程变更,,,15,
G6-S2,6,21,导游,现在还说不准，先跟大家提一句，真有变动，大家心里也有个准备。,,威胁消费,,,26,
G6-S2,6,22,游客丙,赵导，团费低是你们旅行社定的价，又不是我们压的价。,,费用,,赵导,22,
G6-S2,6,23,导游,大叔，道理是这个道理，可这行就是互相的，大家帮我一把，我也拉大家一把。,,威胁消费,,,30,
G6-S2,6,24,导游,明天进店，哪怕每人带个小银饰出来，我去跟酒店谈的时候，腰杆也硬一点。,,威胁消费,,银饰,30,
G6-S2,6,25,游客丁,那要是我们一样都不买呢？,,购物安排,,,11,
G6-S2,6,26,导游,那……我也只能尽量去争取，争取到什么样，我真不敢打包票。,（停顿约两秒）,威胁消费,,,23,
G6-S2,6,27,游客丙,行了赵导，你把合同拿出来，给大家念一念，住宿到底是怎么写的。,,行程变更,,赵导,26,
G6-S2,6,28,导游,合同肯定有，大叔莫急，我这不就是跟大家聊聊天嘛。,,服务态度,,,21,
G6-S2,6,29,游客丁,不用麻烦了，我手机里拍了合同，我念给大家听。,,其他,,,19,
G6-S2,6,30,游客丁,合同上写的：住宿四晚，昆明一晚、大理一晚、丽江两晚，都是标准双人间，含早餐。,（看着手机念）,行程变更,4晚；1晚；1晚；2晚,昆明；大理；丽江,31,
G6-S2,6,31,游客丁,购物点三个，每个不超过一小时，后面还专门写了一句：购物自愿。,,购物安排,3个；1小时,,26,
G6-S2,6,32,游客丙,大家都听见了吧，标准双人间，白纸黑字，没什么好调整的。,,行程变更,,,23,
G6-S2,6,33,导游,嗯……是，合同上是这么写的，我刚才可能没把话说清楚。,（语气放软）,服务态度,,,21,
G6-S2,6,34,导游,住宿肯定按合同来，后面几晚都是标准双人间，这个不会变。,,行程变更,,,24,
G6-S2,6,35,导游,刚才那些话说得不妥当，让大家不舒服了，我跟大家道个歉。,,服务态度,,,24,
G6-S2,6,36,游客丁,那明天的银器店，我们要是不想买呢？,,购物安排,,银器,15,
G6-S2,6,37,导游,店是合同里有的，进去坐坐、看看就行，不买一点问题都没有。,,购物安排,,,24,
G6-S2,6,38,游客丙,这就对了嘛。出来玩，图的就是个开心。,,其他,,,15,
G6-S2,6,39,司机,赵导，前面二十公里有个服务区，这次停多久？,,其他,20公里,赵导,18,
G6-S2,6,40,导游,停二十分钟。各位，十点半到服务区，十点五十准时发车，大家记好时间。,（用车载扩音器）,正常讲解,20分钟；10:30；10:50,,28,
G6-S2,6,41,导游,下车注意来车，贵重物品随身带好，上车前看看身边的人到齐没有。,,正常讲解,,,27,
G6-S2,6,42,游客丁,好的，谢谢赵导。,,其他,,赵导,6,
G6-S3,6,1,游客乙,赵导，离开饭还有十分钟，想跟您单独聊几句，方便吗？,（在餐厅外的小院里）,其他,10分钟,赵导,21,
G6-S3,6,2,导游,方便方便，代表找我，哪有不方便的。,,其他,,,14,
G6-S3,6,3,游客甲,那你们聊，我先进去帮大家占桌子。,（转身走进餐厅）,其他,,,14,
G6-S3,6,4,导游,正好我也想找您。明天那家普洱茶店，您帮我跟大家说说，多少带点东西出来，后面我也好安排。,,威胁消费,,普洱茶,38,
G6-S3,6,5,导游,说实话，今天咱们团后台的数字很不好看，计调已经打电话来问了。,,威胁消费,,计调,27,
G6-S3,6,6,导游,要是明天还这样，后面几天车怎么派、房怎么排，我就很难替大家说上话了。,,威胁消费,,,30,
G6-S3,6,7,导游,我也不让您白帮忙。明早出发，我可以往后推半个钟头，让大家多睡会儿。,,威胁消费,30分钟,,29,
G6-S3,6,8,导游,后面两天车上前排的位置，我也给您和几位肯帮衬的朋友留着。,,威胁消费,2天,,26,
G6-S3,6,9,导游,明晚吃饭，我也能跟餐厅打个招呼，给大家加两个菜，这都看明天了。,,威胁消费,2个,,27,
G6-S3,6,10,游客乙,赵导，您先别往下说。这几天您说过的话，我跟您核对核对。,,其他,,赵导,23,
G6-S3,6,11,游客乙,在锦程玉器城门口，您说下午石林待多久，要看上午的情况来排。,（语气平静）,服务态度,,锦程玉器城；石林,26,游客复述导游原话：按说话人意图标为“服务态度”；如按话题标注，可改为“威胁消费”
G6-S3,6,12,游客乙,去大理的车上，您说后面几晚住的地方，要看大家的情况再协调。,,服务态度,,大理,26,游客复述导游原话：按说话人意图标为“服务态度”；如按话题标注，可改为“威胁消费”
G6-S3,6,13,游客乙,合同当着大家念过，您也道了歉。可今天在银器店门口，您又说咱们团的情况大家心里有数，后面的安排不好跟上面交代。,,服务态度,,银器,49,游客复述导游原话：按说话人意图标为“服务态度”；如按话题标注，可改为“威胁消费”
G6-S3,6,14,游客乙,刚才您又说，明天大家买了东西，出发可以晚半个钟头，前排座位给留着，晚饭还能加菜。是这么说的吧？,,服务态度,30分钟,,41,游客复述导游原话：按说话人意图标为“服务态度”；如按话题标注，可改为“威胁消费”
G6-S3,6,15,导游,嗯……话是说过，可那都是随口一说，没别的意思。,（停顿约两秒）,服务态度,,,18,
G6-S3,6,16,导游,代表您也体谅体谅，我们导游的收入，大头就靠这个，光靠团费根本不够。,,费用,,,29,
G6-S3,6,17,游客乙,您的收入怎么算，是您跟旅行社之间的事，不该摊到我们游客身上。,,费用,,,27,
G6-S3,6,18,游客乙,合同写的是购物自愿，住宿、行程跟买不买东西，本来就不挂钩。,,购物安排,,,25,
G6-S3,6,19,导游,合同是合同。可服务这东西，用不用心，合同上可写不出来。,,威胁消费,,,23,
G6-S3,6,20,导游,我干这行八年了，有些规矩大家都明白，我就不细说了。,,威胁消费,8年,,22,
G6-S3,6,21,导游,后面住宿、用餐要是有个不如意，我手上能争取的空间，可就小了。,,威胁消费,,,26,
G6-S3,6,22,导游,明天下午本想多带大家去个拍照的好地方，现在也不好意思去申请了。,,威胁消费,,,29,
G6-S3,6,23,游客乙,那个拍照的地方，本来在行程里吗？,,行程变更,,,14,
G6-S3,6,24,导游,不在，是我想额外加的，不加也不算违约。,,行程变更,,,16,
G6-S3,6,25,导游,您是明白人，有些话我不用说透，点到为止。,,威胁消费,,,17,
G6-S3,6,26,游客乙,赵导，我不是来跟您吵架的。,,其他,,赵导,11,
G6-S3,6,27,游客乙,您刚才说住宿用餐能争取的空间会变小，拍照的地方也不好申请了，这些我也记上。,,服务态度,,,34,游客复述导游原话：按说话人意图标为“服务态度”；如按话题标注，可改为“威胁消费”
G6-S3,6,28,游客乙,回去我会原原本本写下来，向听澜百川旅行社反映，有必要也会打一二三零一。,,服务态度,12301,听澜百川旅行社,32,
G6-S3,6,29,游客乙,我不添油加醋，也不少说一句，您说过什么，我就写什么。,,服务态度,,,22,
G6-S3,6,30,导游,代表，您看这事弄的，咱们有话好好说嘛。,,服务态度,,,16,
G6-S3,6,31,游客乙,我一直在好好说。就想听您一句明白话：明天的店，到底是不是自愿的？,,购物安排,,,28,
G6-S3,6,32,导游,嗯……是，是自愿的。,（停顿约三秒）,购物安排,,,6,
G6-S3,6,33,导游,我把话收回来。买不买自愿，愿意进去就看看，不想看就在外面休息，谁也不用勉强。,,购物安排,,,33,
G6-S3,6,34,导游,住宿、用餐、景点，全按合同来，一样不少，明早出发时间也照原来的定。,,行程变更,,,27,
G6-S3,6,35,导游,这几天我说话没注意分寸，让大家心里有疙瘩，是我的不对。,,服务态度,,,24,
G6-S3,6,36,游客乙,您这么说我就放心了，回去也会跟大家讲清楚。,,其他,,,19,
G6-S3,6,37,导游,反映的事，您该怎么写就怎么写，我认。,,服务态度,,,15,
G6-S3,6,38,游客甲,赵导，菜都上齐了，大家都等着你们呢。,（从餐厅门口探出头，离手机较远）,其他,,赵导,15,
G6-S3,6,39,导游,来了来了。正好跟大家说说明天的安排。,,正常讲解,,,16,
G6-S3,6,40,导游,明早七点吃早饭，八点半在酒店大堂集合，大家别迟到。,,正常讲解,7:00；8:30,,22,
G6-S3,6,41,导游,丽江早晚温差大，晚上出门加件外套，古城里人多，手机钱包都看好。,,正常讲解,,丽江,27,
G6-S3,6,42,游客甲,要得，我进去跟大家说一声。,,其他,,,11,
G7-S1,7,1,游客甲,师傅，这都八点十分了，刘导咋个还没来？,（站在酒店门口，看了看手表）,服务态度,8:10,刘导,16,
G7-S1,7,2,司机,我也在等呢，刚才给他打了两个电话，都没人接。,,其他,2个电话,,19,
G7-S1,7,3,游客乙,群里也一句话都没有。我们七点五十就下来了，早饭都是赶着吃的。,,服务态度,7:50,,27,
G7-S1,7,4,司机,莫急，我再打一个试试。,（拿出手机拨号）,其他,,,9,
G7-S1,7,5,司机,喂，刘导，你到哪儿了？客人都在临湖酒店门口等着呢。,（打电话，开着免提）,其他,,刘导；临湖酒店,21,
G7-S1,7,6,导游,快了快了，马上到，你让他们再等一下嘛。,（从免提里传出，声音较小，有车流声）,服务态度,,,16,
G7-S1,7,7,游客乙,还要等？我们都等了快二十分钟了！,（对着手机说，与上一句部分重叠）,服务态度,20分钟,,14,
G7-S1,7,8,司机,他说马上到。大家先到树荫底下站一下，太阳有点晒。,,其他,,,21,
G7-S1,7,9,导游,好了好了，人都到齐了吧？上车上车，赶紧走。,（快步走过来，有点喘）,服务态度,,,17,
G7-S1,7,10,游客甲,刘导，先等一下。说好八点集合，现在都八点二十了，你迟到了整整二十分钟。,,服务态度,8:00；8:20；20分钟,刘导,30,
G7-S1,7,11,导游,哎呀，路上有点事，耽搁了一下嘛，上车再说。,,服务态度,,,17,
G7-S1,7,12,游客乙,有事你也提前说一声啊。电话不接，群里不回，我们就在门口干站着。,,服务态度,,,27,
G7-S1,7,13,导游,二十分钟而已，又不影响玩，今天的景点一个都不会少。,,服务态度,20分钟,,22,
G7-S1,7,14,游客甲,刘导，我们不是要为难你。我就把事情说清楚：你迟到了二十分钟，没提前通知，司机师傅打了两个电话你都没接，到现在一句解释都没有。,（语气平静）,服务态度,20分钟；2个电话,刘导,55,
G7-S1,7,15,导游,行行行，知道了知道了，那你们想怎么样嘛？,（不耐烦）,服务态度,,,17,
G7-S1,7,16,游客乙,你这个态度就不对了吧？我们是出来玩的，不是来看脸色的。,,服务态度,,,24,
G7-S1,7,17,游客甲,我们的要求也简单：先跟大家道个歉，再说说今天耽误的时间怎么补。,,服务态度,,,28,
G7-S1,7,18,导游,今天的安排行程单上都写着呢，这个你们自己看手机就知道了。,,服务态度,,,26,
G7-S1,7,19,游客乙,要是一直是这个态度，我们只能打一二三零一反映了。,,服务态度,12301,,22,
G7-S1,7,20,司机,刘导，客人说得也在理，你先跟大家好好说两句，我这边不急着发车。,（压低声音）,服务态度,,刘导,27,
G7-S1,7,21,导游,好，是我不对。各位，对不起，今天这个事是我的问题。,（停顿约三秒，语气缓和下来）,服务态度,,,20,
G7-S1,7,22,导游,早上我出门晚了，路上又堵，那个，手机还调成了静音，师傅前面打的两个电话我都没听到，第三个才看到。,,服务态度,2个电话；第3个,,42,
G7-S1,7,23,导游,我应该一早就在群里跟大家说一声的，结果让大家在门口白白等了二十分钟，真的不好意思。,,服务态度,20分钟,,38,
G7-S1,7,24,导游,师傅，也对不住你，害你也跟着等。,,服务态度,,,13,
G7-S1,7,25,司机,没事，人到了就好。,,其他,,,7,
G7-S1,7,26,游客甲,嗯，话说开了就好。那今天耽误的时间怎么安排？,,行程变更,,,19,
G7-S1,7,27,导游,我跟大家说一下调整。原来九点到翠湖，现在大概九点半到，翠湖的游览时间不压缩。,,行程变更,9:00；9:30,翠湖,34,
G7-S1,7,28,导游,中午饭从十二点推到十二点半，下午去滇池的时间也相应往后挪。,,行程变更,12:00；12:30,滇池,27,
G7-S1,7,29,导游,晚上原定六点回临湖酒店，现在争取六点半以前把大家送回来。,,行程变更,18:00；18:30,临湖酒店,26,
G7-S1,7,30,游客乙,往后推的话，滇池那边会不会少看一个地方？,,行程变更,,滇池,18,
G7-S1,7,31,导游,不会，下午的点一个都不减，只是整体往后顺延。,,行程变更,,,19,
G7-S1,7,32,司机,那我换条路走，这个点那边车少一点。,,其他,,,15,
G7-S1,7,33,导游,好，大家上车吧，系好安全带，贵重物品随身带好。,,正常讲解,,,19,
G7-S1,7,34,司机,好嘞，大家坐稳，我们出发了。,（关车门，车辆启动）,其他,,,11,
G7-S1,7,35,导游,各位早上好，再正式介绍一下，我是半山观澜旅行社的导游，大家叫我刘导就行。,（车上，用车载扩音器）,其他,,半山观澜旅行社；刘导,32,
G7-S1,7,36,导游,我们先去翠湖。翠湖在昆明市中心，平时很多市民在湖边散步、锻炼，冬天还能看到红嘴鸥。,（用车载扩音器）,正常讲解,,翠湖；昆明,36,
G7-S1,7,37,导游,下午去滇池，湖边风比较大，大家记得带件外套。,（用车载扩音器）,正常讲解,,滇池,19,
G7-S1,7,38,游客甲,刘导，到了翠湖在哪儿集合？,,正常讲解,,刘导；翠湖,11,
G7-S1,7,39,导游,到了以后自由活动，十一点在下车的地方集合，我会提前十分钟在那儿等大家。,,正常讲解,11:00；10分钟,,32,
G7-S1,7,40,游客乙,刘导，以后要是有什么情况，你早点在群里说一声，我们也好安排。,,服务态度,,刘导,26,
G7-S1,7,41,导游,要得，我记住了。今天手机我一直开着声音，有事随时找我。,,服务态度,,,23,
G7-S1,7,42,游客甲,好，那今天就辛苦刘导了。,,其他,,刘导,10,
G7-S2,7,1,导游,各位，前面就进大理古城了，大家跟紧我，别走散了。,（用随身扩音器）,正常讲解,,大理古城,20,
G7-S2,7,2,导游,古城里的路很多是石板铺的，有的地方不太平，大家注意脚下。,（用随身扩音器）,正常讲解,,,25,
G7-S2,7,3,游客丙,这个路是有点滑。闺女，你扶我一把。,（走在队伍最后面）,其他,,,14,
G7-S2,7,4,游客甲,爸，莫急，扶着我慢慢走。,,其他,,,9,
G7-S2,7,5,导游,后面的叔叔，稍微快一点哈，大家都在前面等着呢。,（回头，用扩音器）,服务态度,,,20,
G7-S2,7,6,游客丙,哎，好，好，我快点。,,其他,,,6,
G7-S2,7,7,导游,大家走快一点，后面还有好几个点要看，时间不多了。,,服务态度,,,21,
G7-S2,7,8,游客乙,刘导，附近哪里有洗手间？,,其他,,刘导,10,
G7-S2,7,9,导游,前面路口右手边就有，需要的去一下，五分钟后在这棵大树下集合。,,正常讲解,5分钟,,27,
G7-S2,7,10,导游,人齐了没有？叔叔呢？哎呀，又落在后面了。,（五分钟后，用扩音器，语气有点急）,服务态度,,,16,
G7-S2,7,11,导游,叔叔，快点快点，大家都在等您一个人。,,服务态度,,,15,
G7-S2,7,12,游客丙,来了来了，刚才那段台阶，我歇了一下。,（有点喘）,其他,,,15,
G7-S2,7,13,游客乙,叔叔，我这儿有水，您先喝一口，歇一歇再走。,,其他,,,17,
G7-S2,7,14,导游,这点路很快就走完了，您跟紧一点，别老停下来。,,服务态度,,,19,
G7-S2,7,15,游客甲,刘导，你等一下，我跟你说个事。,（走到导游身边）,其他,,刘导,12,
G7-S2,7,16,游客甲,我爸今年七十二岁了，膝盖不太好，上下台阶都得有人扶，你一直催，他心里一急，反而更容易摔。,（语气平静）,服务态度,72岁,,38,
G7-S2,7,17,游客甲,刚才下台阶的时候，他一着急，脚下还滑了一下，幸好我扶住了。,,服务态度,,,25,
G7-S2,7,18,游客甲,从进古城到现在，你已经催了他三回了，还拿扩音器当着大家的面喊。,,服务态度,3回,,28,
G7-S2,7,19,导游,我也是为大家着想嘛，二十个人等一个人，别人也会有意见的。,,服务态度,20个人,,25,
G7-S2,7,20,游客乙,刘导，我说句公道话，我们几个都没意见，慢一点逛反而能多看看。,（与上一句部分重叠）,服务态度,,刘导,26,
G7-S2,7,21,游客乙,刚才那段台阶又高又窄，我走着都得扶墙，叔叔慢一点很正常。,,服务态度,,,25,
G7-S2,7,22,导游,我们是跟团游，不是自由行，总不能让大家都陪着慢慢走吧。,,服务态度,,,24,
G7-S2,7,23,游客丙,算了算了，是我拖大家后腿了，我走快一点就是。,,其他,,,19,
G7-S2,7,24,游客甲,爸，不是你的问题，你别跟着急。,,其他,,,12,
G7-S2,7,25,导游,那也不能一直这么慢呀，晚饭是订好了的，六点要到饭店。,,服务态度,18:00,,23,
G7-S2,7,26,游客甲,现在才三点四十，离六点还早，真的没必要这么赶。,,服务态度,15:40；18:00,,20,
G7-S2,7,27,游客甲,我们不要求别的，就希望你别再当着大家的面催他，也跟我爸道个歉。,,服务态度,,,28,
G7-S2,7,28,导游,好，是我太着急了。,（停顿约三秒）,服务态度,,,7,
G7-S2,7,29,导游,叔叔，对不起，刚才一直催您，还拿扩音器喊，是我做得不对。,,服务态度,,,23,
G7-S2,7,30,导游,我带团习惯了赶时间，光想着按点走，没顾上看大家的情况，以后我一定注意。,,服务态度,,,31,
G7-S2,7,31,游客丙,没事没事，你们当导游的也不容易。,,其他,,,14,
G7-S2,7,32,导游,接下来我们放慢节奏，我走在队伍最后面，陪着叔叔一起走。,,服务态度,,,24,
G7-S2,7,33,导游,路线也调整一下，前面那段台阶多，我们不走了，改走旁边平一点的那条街。,,行程变更,,,30,
G7-S2,7,34,导游,原来五点在城门口集合，现在改到五点半，晚饭我打电话让饭店往后推一推。,,行程变更,17:00；17:30,,31,
G7-S2,7,35,游客乙,这样挺好，大家都能慢慢看。,,其他,,,11,
G7-S2,7,36,导游,那我们慢慢往前走，路上谁想拍照就跟我说一声，我等大家。,,正常讲解,,,24,
G7-S2,7,37,导游,大家看，这条街两边的房子大多是白墙青瓦，拍照很好看。,,正常讲解,,,23,
G7-S2,7,38,导游,古城里电动车比较多，大家靠边走，拍照的时候注意身后。,,正常讲解,,,23,
G7-S2,7,39,游客丙,这条路平，走着舒服多了。,,其他,,,10,
G7-S2,7,40,导游,叔叔，前面有个小坎，您扶着我，慢慢下。,,正常讲解,,,15,
G7-S2,7,41,游客甲,谢谢刘导。你这样带，我爸也放心多了。,,其他,,刘导,15,
G7-S2,7,42,游客乙,刘导，晚饭往后推，饭店那边没问题吧？,,行程变更,,刘导,15,
G7-S2,7,43,导游,我刚打过电话了，饭店说没问题，改成六点半到就行。,,行程变更,18:30,,21,
G7-S2,7,44,导游,最后再提醒一下，五点半在城门口集合，走累了随时喊我，我们不赶。,（用扩音器，语速放慢）,正常讲解,17:30,,27,
G7-S3,7,1,导游,好，石林到了。大家自由拍照，十一点半在这个入口集合。,（用随身扩音器）,正常讲解,11:30,石林,22,
G7-S3,7,2,游客甲,哇，这么多石头，一根一根的，真壮观。,,其他,,,14,
G7-S3,7,3,游客乙,刘导，这些石头怎么都是竖着长的？它们是怎么形成的呀？,,正常讲解,,刘导,23,
G7-S3,7,4,导游,有什么好问的，石头就是石头嘛，拍拍照就行了。,（边看手机边说）,服务态度,,,19,
G7-S3,7,5,游客乙,可是老师让我们回去写游记，要写清楚它们是怎么来的。,,其他,,,23,
G7-S3,7,6,导游,我在车上讲过一遍了，你们没听吗？,,服务态度,,,14,
G7-S3,7,7,游客甲,刘导，车上那会儿扩音器声音很小，坐后面几排的基本听不清。,（语气平静）,服务态度,,刘导,25,
G7-S3,7,8,游客丙,对，我坐在最后一排，就听到半句什么地形，不是，地貌，后面全是车子的声音。,（与上一句部分重叠）,服务态度,,,30,
G7-S3,7,9,导游,这个网上一搜全都有，你们自己查一下嘛。,,服务态度,,,17,
G7-S3,7,10,游客乙,那你能再讲一次吗？就讲一小段。,,正常讲解,,,13,
G7-S3,7,11,导游,一会儿再说，一会儿再说，先拍照，人多了就不好拍了。,（摆摆手）,服务态度,,,21,
G7-S3,7,12,游客甲,网上是有，可我们报团就是想听导游讲。你认真讲一遍，也就几分钟的事。,,服务态度,,,29,
G7-S3,7,13,导游,我一天要讲好几遍，嗓子都哑了，你们问这么细干什么嘛。,（不耐烦）,服务态度,,,23,
G7-S3,7,14,游客丙,你辛苦大家都理解，但讲解本来就是导游的工作，这么回答孩子不太合适。,,服务态度,,,30,
G7-S3,7,15,游客甲,要是一直这样，回去我们只能向半山观澜旅行社反映一下了。,,服务态度,,半山观澜旅行社,25,
G7-S3,7,16,导游,好吧，是我刚才态度不好。小朋友，对不起，我给你好好讲一讲。,（停顿约三秒，叹了口气）,服务态度,,,24,
G7-S3,7,17,导游,大家往这边站一点，靠着栏杆，别挡着后面的游客。,,正常讲解,,,20,
G7-S3,7,18,导游,嗯，我们眼前的石林，是很典型的喀斯特地貌，这些石头主要是石灰岩。,,正常讲解,,石林,28,
G7-S3,7,19,导游,很久很久以前，这一带是一片海，海底慢慢沉积出了厚厚的石灰岩。,,正常讲解,,,27,
G7-S3,7,20,导游,后来地壳抬升，海水退了，这些石灰岩就露出了地面。,,正常讲解,,,21,
G7-S3,7,21,导游,石灰岩有个特点，就是容易被水溶蚀。雨水和地下水长年累月地冲刷、溶蚀，石头就被切成了一根一根的石柱、石峰。,,正常讲解,,,46,
G7-S3,7,22,游客乙,那石头上这一道一道竖着的纹路，也是水弄出来的吗？,,正常讲解,,,22,
G7-S3,7,23,导游,对，这就是雨水顺着石头往下流，一点一点溶蚀出来的，有点像水滴石穿的道理。,,正常讲解,,,32,
G7-S3,7,24,游客丙,那为什么叫石林呢？,,正常讲解,,石林,8,
G7-S3,7,25,导游,因为石柱一根挨着一根，远远看过去就像一大片树林，所以叫石林。,,正常讲解,,石林,27,
G7-S3,7,26,游客乙,那它们现在还会继续变吗？,,正常讲解,,,11,
G7-S3,7,27,导游,会的，溶蚀一直都在进行，只是非常慢，平常根本看不出来。,,正常讲解,,,23,
G7-S3,7,28,导游,所以大家参观的时候，不要攀爬，也不要在石头上刻字，这些石头形成真的很不容易。,,正常讲解,,,34,
G7-S3,7,29,游客乙,我记下来了，喀斯特地貌，石灰岩，被水溶蚀。,（边说边在手机上打字）,正常讲解,,,17,
G7-S3,7,30,游客甲,你看，这样一讲，孩子回去写游记就有东西可写了。,,其他,,,20,
G7-S3,7,31,游客丙,刘导，这一段讲得清楚，我站在后面也听明白了。,,其他,,刘导,19,
G7-S3,7,32,导游,谢谢大家。刚才确实是我没耐心，下一个点我先讲清楚，大家有问题随时问。,,服务态度,,,30,
G7-S3,7,33,导游,刚才耽误了几分钟，集合时间往后推十分钟，改成十一点四十，还是在入口这里。,,行程变更,10分钟；11:40,,32,
G7-S3,7,34,导游,石林里面小路多、岔路也多，大家跟紧一点，不要钻太窄的石缝。,,正常讲解,,石林,25,
G7-S3,7,35,游客乙,刘导，要是走散了怎么办？,,正常讲解,,刘导,10,
G7-S3,7,36,导游,走散了就在原地等，给我打电话，我的电话群里有。,,正常讲解,,,20,
G7-S3,7,37,导游,前面这一段我带着大家沿步道边走边讲，讲完了大家再自由拍照。,,正常讲解,,,27,
G7-S3,7,38,游客甲,好，那我们跟着你走。,,其他,,,8,
G8-S1,8,1,导游,各位早上好，欢迎来到石林！我是星野云途旅行社的导游，大家叫我何导就行。,（入口广场，用腰挂扩音器，周围人声较多）,其他,,石林；星野云途旅行社；何导,31,
G8-S1,8,2,游客甲,何导好！,（与周围游客的问好声部分重叠）,其他,,何导,3,
G8-S1,8,3,导游,先说一下费用，今天的门票已经包含在团费里了，不用另外交钱，大家跟着我排队进去就行。,,费用,,团费,37,
G8-S1,8,4,游客乙,那个，里面的电瓶车也包含吗？,,费用,,电瓶车,12,
G8-S1,8,5,导游,电瓶车不包含，是自费的，坐不坐看大家自己。今天这条路线走路就能走完，不坐也完全没问题。,,费用,,电瓶车；自费,38,
G8-S1,8,6,游客乙,那我们就走路，正好活动活动。,,费用,,,12,
G8-S1,8,7,导游,好，说一下游览路线。我们沿着主步道往里走，中间停几次讲解，最后走到出口，整个大概两个小时。里面岔路多，石头又高，一转弯就看不到前面的人，所以请大家认准我手里这面小黄旗。,（语速平稳，一口气讲完）,正常讲解,2小时,,74,
G8-S1,8,8,游客甲,那万一真的走散了，咋个办嘛？,,正常讲解,,,12,
G8-S1,8,9,导游,莫急，记住三条。第一，站在原地别乱走；第二，马上给我打电话，号码在群里；第三，找穿工作服的景区工作人员帮忙联系我。,,正常讲解,3条,,48,
G8-S1,8,10,游客甲,嗯，原地等，打电话，找工作人员，记住了。,,正常讲解,,,15,
G8-S1,8,11,导游,好，我们边走边讲。大家眼前这一片，就是石林最有名的景观，属于喀斯特地貌。简单说，就是石灰岩经过很长很长时间的雨水溶蚀，一点一点被切开、被掏空，最后留下这一根一根的石柱和石峰。,（停顿约三秒后边走边讲；连续讲解开始）,正常讲解,,石林；喀斯特地貌；石灰岩,77,
G8-S1,8,12,导游,大家走近看看，石头表面一道一道的纹路，都是水慢慢溶出来的。石峰一根挨着一根，走在中间就像走迷宫，所以一定要跟紧队伍。,,正常讲解,,,52,
G8-S1,8,13,导游,这些石头都是天然形成的，大家千万别去爬，也别用力推、用力靠，保护石头，也是保护自己。,（连续讲解结束）,正常讲解,,,36,
G8-S1,8,14,游客丙,哇，真的像迷宫一样，好壮观啊！,（与上一句末尾部分重叠）,其他,,,12,
G8-S1,8,15,游客丁,何导，前面那里好漂亮，我们会在那儿停下来拍照吗？,,正常讲解,,何导,21,
G8-S1,8,16,导游,会的，那里本来就是拍照点，我们停十分钟，不是，停十五分钟，大家慢慢拍，不着急。,,正常讲解,10分钟；15分钟,,32,
G8-S1,8,17,导游,拍照提醒几点：不要往石缝里钻，也不要站到石头上去，有的地方很滑；自拍杆别举太高，小心碰到旁边的人；带小朋友的，一定把孩子牵好。,,正常讲解,,,55,
G8-S1,8,18,游客丁,何导，帮我们几个拍张合影嘛！,,其他,,何导,12,
G8-S1,8,19,导游,要得！大家往中间站一点，后面那位大哥再靠里一点，好，看镜头，笑一个！,（接过游客的手机拍照）,其他,,,28,
G8-S1,8,20,游客丙,拍得真好，谢谢何导！,,其他,,何导,8,
G8-S1,8,21,导游,跟大家商量个事。原来定的是十一点半在出口集合，今天人比较多，我想把集合时间调整到十二点，午饭相应改到十二点半，大家在里面能多看一会儿，可以吗？,,行程变更,11:30；12:00；12:30,,64,
G8-S1,8,22,游客乙,可以啊，多玩一会儿更好。,,行程变更,,,10,
G8-S1,8,23,游客丙,我没问题，反正不赶时间。,（与上一句部分重叠）,行程变更,,,10,
G8-S1,8,24,游客丁,同意同意！,,行程变更,,,4,
G8-S1,8,25,导游,好，谢谢大家支持，那就定了：十二点整，出口停车场集合，我举着小黄旗等大家。,,正常讲解,12:00,,31,
G8-S1,8,26,导游,走完最后这一段，大家有四十分钟的自由活动时间。出口那边有些卖纪念品的小店，那不是我们安排的购物点，想逛就逛，不想逛就找地方歇一歇，买不买完全看自己。,,购物安排,40分钟,购物点,67,
G8-S1,8,27,游客丁,自由活动的时候，能再回里面拍照吗？,,正常讲解,,,15,
G8-S1,8,28,导游,可以，只要在景区里面都行。记得看时间，十一点五十左右往出口走，就来得及。,,正常讲解,11:50,,31,
G8-S1,8,29,游客甲,何导，中午吃饭要另外交钱吗？,,费用,,何导,12,
G8-S1,8,30,导游,不用的，午饭是团餐，费用已经包含在团费里了。有忌口的现在跟我说，我提前跟餐厅打招呼。,,费用,,团餐；团费,37,
G8-S1,8,31,游客丙,我不吃辣，麻烦何导说一下。,,其他,,何导,11,
G8-S1,8,32,导游,好的，记下了。,,其他,,,5,
G8-S1,8,33,游客乙,何导，里面有洗手间吗？,,其他,,何导,9,
G8-S1,8,34,导游,有的，路口都有指示牌，要去跟我说一声就行。,,其他,,,18,
G8-S1,8,35,导游,最后再提醒一遍：十二点，出口停车场，看到小黄旗就是我，手机保持畅通。,（停顿约两秒后，提高音量）,正常讲解,12:00,,29,
G8-S1,8,36,游客丁,十二点，出口停车场，记住了！,,正常讲解,12:00,,11,
G8-S1,8,37,游客甲,好嘞，走咯！,,其他,,,4,
G8-S2,8,1,司机,何导，前面就是海埂大坝了，我把车停到停车场。,（车内，有发动机声）,其他,,何导；海埂大坝,19,
G8-S2,8,2,导游,好的，谢谢师傅。,,其他,,,6,
G8-S2,8,3,司机,跟你说一下，中午回市区那段路比较堵，能早点走的话，路上能省不少时间。,,行程变更,,,30,
G8-S2,8,4,导游,各位，跟大家商量一下。原来定的是十一点半在停车场集合，师傅说中午回去的路堵，我想把集合时间调整到十一点二十，提前十分钟，大家看行不行？,（转身面向车厢，用车载话筒）,行程变更,11:30；11:20；10分钟,,60,
G8-S2,8,5,游客甲,行啊，早十分钟没关系。,,行程变更,10分钟,,9,
G8-S2,8,6,游客乙,可以可以，听你们安排。,（与上一句部分重叠）,行程变更,,,9,
G8-S2,8,7,导游,谢谢大家理解！那就定了，十一点二十，还是在这个停车场集合。,,正常讲解,11:20,,25,
G8-S2,8,8,司机,要得，我就在车上等。大家的包、相机别留在座位上，都随身带好。,,正常讲解,,,25,
G8-S2,8,9,游客丙,何导，今天还要另外交什么钱吗？,,费用,,何导,13,
G8-S2,8,10,导游,不用，今天的车费、讲解费用都包含在团费里了。只有喂鸟的鸥粮是自费的，想喂就买，不喂光看也行。,,费用,,团费；鸥粮；自费,40,
G8-S2,8,11,游客丙,好，那就是只有鸥粮自己买，清楚了。,,费用,,鸥粮,14,
G8-S2,8,12,游客甲,哇，好多鸟啊！,（下车走上大坝，背景有鸟叫声和风声）,其他,,,5,
G8-S2,8,13,导游,大家看，这就是海埂大坝，旁边这一大片水就是滇池。天上飞的、水面上漂的这些白色的鸟，就是红嘴鸥。红嘴鸥是候鸟，每年冬天都会飞到昆明来过冬，等春天天气暖和了，再成群地飞走。,（用扩音器；连续讲解开始）,正常讲解,,海埂大坝；滇池；红嘴鸥；昆明,74,
G8-S2,8,14,导游,就是说，很多人一看到红嘴鸥，就知道昆明的冬天到了。大家仔细看，它们的嘴是红色的，所以叫红嘴鸥，再看脚，脚也是红色的。,,正常讲解,,红嘴鸥；昆明,50,
G8-S2,8,15,导游,它们有时候飞得很低，会从大家头顶上擦过去，这时候不要伸手去抓，也不要拿东西去赶，站着看就好。,（连续讲解结束）,正常讲解,,,41,
G8-S2,8,16,游客乙,何导，我们带了面包，可以拿面包喂吗？,,正常讲解,,何导,15,
G8-S2,8,17,导游,这个最好不要。面包是给人吃的，不适合喂鸟，吃剩的掉进水里还会弄脏滇池。要喂就用专门的鸥粮，大坝上有专门卖的地方。,,正常讲解,,滇池；鸥粮,50,
G8-S2,8,18,游客甲,原来面包不能喂啊，我还真不知道。,,正常讲解,,,14,
G8-S2,8,19,游客乙,那面包我们自己吃，待会儿去买点鸥粮。,,购物安排,,鸥粮,16,
G8-S2,8,20,游客丙,我家孩子也想喂，小孩子可以喂吗？,,正常讲解,,,14,
G8-S2,8,21,导游,可以的，大人在旁边看着就行。教大家个方法：把鸥粮放在手心，手掌摊平举起来，或者轻轻往空中一抛，红嘴鸥自己会飞过来接。不要往鸟身上扔，也不要大把大把往水里倒。,,正常讲解,,鸥粮；红嘴鸥,69,
G8-S2,8,22,游客甲,它们会不会啄人啊？我有点怕。,,正常讲解,,,12,
G8-S2,8,23,导游,一般不会，它们叼了吃的就飞走。你要是怕，就站远一点看，保持点距离，对鸟、对人都好。,,正常讲解,,,34,
G8-S2,8,24,游客甲,好，那我就站后面一点看。,,正常讲解,,,10,
G8-S2,8,25,游客丙,栏杆边上能靠过去拍照吗？,,正常讲解,,,11,
G8-S2,8,26,导游,可以靠近，但千万别翻过去，也别把身子探出去。手机一定拿稳，最好挂根绳子在手腕上，掉进滇池里就捞不上来了。,,正常讲解,,滇池,46,
G8-S2,8,27,游客丙,听到没有，手机拿稳，拿稳。,（转头对孩子说）,正常讲解,,,10,
G8-S2,8,28,导游,再说一下随身物品。今天周末，大坝上人多，大家拍照、喂鸟的时候注意力都在天上，包很容易被挤开。背包最好背在前面，拉链拉好；帽子也戴好，坝上风大，一吹就跑了。,,正常讲解,,,66,
G8-S2,8,29,游客甲,对对对，我的帽子刚才就差点被吹跑了。,（笑，与上一句末尾部分重叠）,其他,,,16,
G8-S2,8,30,游客乙,何导，大坝边上那些卖小吃、卖纪念品的，我们能去逛逛吗？,,购物安排,,何导,23,
G8-S2,8,31,导游,当然可以，那是大家自由购物，我们今天不安排进店，买不买、买什么都看自己。就是吃东西的时候别举在头顶上，红嘴鸥会飞过来抢的。,,购物安排,,进店；红嘴鸥,54,
G8-S2,8,32,游客乙,哈哈，那我得把烤肠藏好。,（笑）,其他,,,10,
G8-S2,8,33,导游,各位，现在十一点十分，离集合还有十分钟，大家可以慢慢往停车场走了，不着急，看好孩子。,（约一小时后，用扩音器）,正常讲解,11:10；10分钟,,36,
G8-S2,8,34,游客丙,好嘞，我们这就过去。,,正常讲解,,,8,
G8-S2,8,35,司机,人都到齐了吧？大家坐好，系好安全带。,（在车头，离录音手机较远）,正常讲解,,,15,
G8-S2,8,36,导游,到齐了，一共十二位，一个不少。今天大家都特别守时，谢谢！,,正常讲解,12位,,23,
G8-S2,8,37,游客丙,今天太开心了，孩子说明年冬天还要来看红嘴鸥！,,其他,,红嘴鸥,20,
G8-S3,8,1,导游,各位早上好！今天还是我，星野云途旅行社的何导，陪大家在大理玩一天。,（早上，大巴车上，用车载话筒）,其他,,星野云途旅行社；何导；大理,29,
G8-S3,8,2,游客甲,何导早！,,其他,,何导,3,
G8-S3,8,3,导游,先跟大家商量个事。天气预报说今天下午可能有阵雨，下雨天在洱海边骑车不太安全，所以我想做个时间调整：上午先去洱海边骑行，下午再逛大理古城，内容一样不少，总时间也不变，大家看可以吗？,（语速平稳，一口气讲完）,行程变更,,洱海；大理古城,80,
G8-S3,8,4,游客乙,可以啊，下雨天逛古城还挺有感觉的。,,行程变更,,,15,
G8-S3,8,5,游客丙,我也同意，安全第一。,,行程变更,,,8,
G8-S3,8,6,游客甲,没问题，听何导的。,（与上一句部分重叠）,行程变更,,何导,7,
G8-S3,8,7,导游,好，谢谢大家的理解和支持，那我们先去洱海边的租车点。,,行程变更,,洱海,23,
G8-S3,8,8,店员,大家好，车子都检查过了，刹车、车铃都是好的。头盔都给大家准备好了，骑之前一定戴上，扣带扣好。,（洱海边租车点，户外有风声）,正常讲解,,,39,
G8-S3,8,9,游客乙,请问租车要交押金吗？,,费用,,,9,
G8-S3,8,10,店员,不用，押金和租车的费用，旅行社都统一付过了，大家扫一下车上的码登记就能骑走。,,费用,,,34,
G8-S3,8,11,游客丙,那要是想换电动车，要另外加钱吗？,,费用,,,14,
G8-S3,8,12,店员,电动车要补一点差价，这个是自费的，看个人需要。不过今天这段路不长，自行车完全骑得动。,,费用,,自费,37,
G8-S3,8,13,游客丙,那我就骑自行车，正好锻炼锻炼。,,费用,,,13,
G8-S3,8,14,游客乙,那个，要是骑得慢，还车超时了要加钱吗？,,费用,,,16,
G8-S3,8,15,店员,你们订的是两个小时，时间很宽裕，按时回来就不用另外加钱。,,费用,2小时,,25,
G8-S3,8,16,导游,出发之前说几条骑行安全。第一，靠右骑，在骑行道里面骑，别骑到汽车道上去；第二，不要几个人并排骑，更不要一只手扶车、一只手拍照；第三，转弯的时候提前减速，跟前面的人保持距离。,（用腰挂扩音器；连续讲解开始）,正常讲解,,,74,
G8-S3,8,17,导游,想拍照的时候，先找个宽敞的地方停下来，把车推到路边再拍。水边的石头有的长了青苔，特别滑，大家别站上去拍照，也不要往水里走。,,正常讲解,,,54,
G8-S3,8,18,导游,这边太阳晒，帽子、防晒都弄好。我们往前骑四十分钟左右，到观景平台休息一下，再一起往回骑。,（连续讲解结束）,正常讲解,40分钟,,38,
G8-S3,8,19,游客甲,哇，洱海好蓝啊！那边那排山就是苍山吧？,（骑行途中，风声较大）,正常讲解,,洱海；苍山,16,
G8-S3,8,20,导游,对，那就是苍山。想拍的话，前面右边有块空地，停到那儿再拍，别在路中间停。,,正常讲解,,苍山,30,
G8-S3,8,21,游客丙,这个风景太板扎了！我先靠边停一下。,（刹车声）,其他,,,15,
G8-S3,8,22,导游,好，现在我们进的就是大理古城。古城不大，主要街道横平竖直，比较好认路。教大家一个小窍门：能看到苍山的那边是西边，背对着苍山往前走，就是往洱海的方向。,（下午，古城城门口，小雨刚停）,正常讲解,,大理古城；苍山；洱海,65,
G8-S3,8,23,导游,古城里大部分是步行的街道，但偶尔也有电动车、自行车经过，大家走路尽量靠边，别在路中间突然停下来拍照。刚下过雨，石板路有点滑，慢慢走。,,正常讲解,,,58,
G8-S3,8,24,游客乙,何导，那我们可以自己逛吗？,,正常讲解,,何导,11,
G8-S3,8,25,导游,可以的。从现在三点半到五点半，是大家的自由活动时间，也可以说是自由购物时间。古城里卖鲜花饼、银器、茶叶的小店很多，买不买、在哪儿买，完全自愿，我们不安排进任何店。,,购物安排,15:30；17:30,鲜花饼；银器,70,
G8-S3,8,26,游客乙,太好了，我就想买点鲜花饼，带回去给家里人尝尝。,,购物安排,,鲜花饼,20,
G8-S3,8,27,导游,可以，喜欢就买，买之前问清楚价格再付钱就好。,,购物安排,,,19,
G8-S3,8,28,游客丙,那晚饭怎么安排呢？,,正常讲解,,,8,
G8-S3,8,29,导游,晚饭六点开始，是团餐。大家五点半，啊不对，五点四十，在我们进来的这个城门口集合，然后一起走过去。,,正常讲解,18:00；17:30；17:40,团餐,41,
G8-S3,8,30,游客甲,五点四十，城门口，好的。,,正常讲解,17:40,,9,
G8-S3,8,31,游客丙,晚饭的饮料要另外付钱吗？,,费用,,,11,
G8-S3,8,32,导游,团餐的费用已经包含在团费里，茶水也是免费的；酒水饮料是自费的，想喝自己点，不点也完全没关系。,,费用,,团餐；团费；自费,41,
G8-S3,8,33,游客丙,明白了，那我喝茶就行。,,费用,,,9,
G8-S3,8,34,导游,最后提醒一下，古城人多，手机、钱包放好。走散了就站在原地给我打电话，五点四十城门口见，看到小黄旗就是我！,（停顿约两秒后，提高音量）,正常讲解,17:40,,45,
G8-S3,8,35,游客乙,好嘞，何导一会儿见！,,其他,,何导,8,
