file_name,script_id,group,condition,condition_code,how_to_record,expected_minutes
G1-S1-Q.wav,G1-S1,1,安静,Q,安静的教室或会议室；手机平放在说话人中间的桌上，距离约 50 厘米,4.46
G1-S1-N.wav,G1-S1,1,嘈杂教室,N,课间或几组同时录音的教室；手机位置同上,4.46
G1-S1-F.wav,G1-S1,1,口袋或远距离,F,手机放在一名演员的外衣口袋里，或放在离说话人 2—3 米外的桌角,4.46
G1-S2-Q.wav,G1-S2,1,安静,Q,安静的教室或会议室；手机平放在说话人中间的桌上，距离约 50 厘米,4.32
G1-S2-N.wav,G1-S2,1,嘈杂教室,N,课间或几组同时录音的教室；手机位置同上,4.32
G1-S2-F.wav,G1-S2,1,口袋或远距离,F,手机放在一名演员的外衣口袋里，或放在离说话人 2—3 米外的桌角,4.32
G1-S3-Q.wav,G1-S3,1,安静,Q,安静的教室或会议室；手机平放在说话人中间的桌上，距离约 50 厘米,3.99
G1-S3-N.wav,G1-S3,1,嘈杂教室,N,课间或几组同时录音的教室；手机位置同上,3.99
G1-S3-F.wav,G1-S3,1,口袋或远距离,F,手机放在一名演员的外衣口袋里，或放在离说话人 2—3 米外的桌角,3.99
G2-S1-Q.wav,G2-S1,2,安静,Q,安静的教室或会议室；手机平放在说话人中间的桌上，距离约 50 厘米,4.51
G2-S1-N.wav,G2-S1,2,嘈杂教室,N,课间或几组同时录音的教室；手机位置同上,4.51
G2-S1-F.wav,G2-S1,2,口袋或远距离,F,手机放在一名演员的外衣口袋里，或放在离说话人 2—3 米外的桌角,4.51
G2-S2-Q.wav,G2-S2,2,安静,Q,安静的教室或会议室；手机平放在说话人中间的桌上，距离约 50 厘米,4.3
G2-S2-N.wav,G2-S2,2,嘈杂教室,N,课间或几组同时录音的教室；手机位置同上,4.3
G2-S2-F.wav,G2-S2,2,口袋或远距离,F,手机放在一名演员的外衣口袋里，或放在离说话人 2—3 米外的桌角,4.3
G2-S3-Q.wav,G2-S3,2,安静,Q,安静的教室或会议室；手机平放在说话人中间的桌上，距离约 50 厘米,4.32
G2-S3-N.wav,G2-S3,2,嘈杂教室,N,课间或几组同时录音的教室；手机位置同上,4.32
G2-S3-F.wav,G2-S3,2,口袋或远距离,F,手机放在一名演员的外衣口袋里，或放在离说话人 2—3 米外的桌角,4.32
G3-S1-Q.wav,G3-S1,3,安静,Q,安静的教室或会议室；手机平放在说话人中间的桌上，距离约 50 厘米,4.2
G3-S1-N.wav,G3-S1,3,嘈杂教室,N,课间或几组同时录音的教室；手机位置同上,4.2
G3-S1-F.wav,G3-S1,3,口袋或远距离,F,手机放在一名演员的外衣口袋里，或放在离说话人 2—3 米外的桌角,4.2
G3-S2-Q.wav,G3-S2,3,安静,Q,安静的教室或会议室；手机平放在说话人中间的桌上，距离约 50 厘米,3.89
G3-S2-N.wav,G3-S2,3,嘈杂教室,N,课间或几组同时录音的教室；手机位置同上,3.89
G3-S2-F.wav,G3-S2,3,口袋或远距离,F,手机放在一名演员的外衣口袋里，或放在离说话人 2—3 米外的桌角,3.89
G3-S3-Q.wav,G3-S3,3,安静,Q,安静的教室或会议室；手机平放在说话人中间的桌上，距离约 50 厘米,4.51
G3-S3-N.wav,G3-S3,3,嘈杂教室,N,课间或几组同时录音的教室；手机位置同上,4.51
G3-S3-F.wav,G3-S3,3,口袋或远距离,F,手机放在一名演员的外衣口袋里，或放在离说话人 2—3 米外的桌角,4.51
G4-S1-Q.wav,G4-S1,4,安静,Q,安静的教室或会议室；手机平放在说话人中间的桌上，距离约 50 厘米,4.51
G4-S1-N.wav,G4-S1,4,嘈杂教室,N,课间或几组同时录音的教室；手机位置同上,4.51
G4-S1-F.wav,G4-S1,4,口袋或远距离,F,手机放在一名演员的外衣口袋里，或放在离说话人 2—3 米外的桌角,4.51
G4-S2-Q.wav,G4-S2,4,安静,Q,安静的教室或会议室；手机平放在说话人中间的桌上，距离约 50 厘米,4.46
G4-S2-N.wav,G4-S2,4,嘈杂教室,N,课间或几组同时录音的教室；手机位置同上,4.46
G4-S2-F.wav,G4-S2,4,口袋或远距离,F,手机放在一名演员的外衣口袋里，或放在离说话人 2—3 米外的桌角,4.46
G4-S3-Q.wav,G4-S3,4,安静,Q,安静的教室或会议室；手机平放在说话人中间的桌上，距离约 50 厘米,4.22
G4-S3-N.wav,G4-S3,4,嘈杂教室,N,课间或几组同时录音的教室；手机位置同上,4.22
G4-S3-F.wav,G4-S3,4,口袋或远距离,F,手机放在一名演员的外衣口袋里，或放在离说话人 2—3 米外的桌角,4.22
G5-S1-Q.wav,G5-S1,5,安静,Q,安静的教室或会议室；手机平放在说话人中间的桌上，距离约 50 厘米,4.48
G5-S1-N.wav,G5-S1,5,嘈杂教室,N,课间或几组同时录音的教室；手机位置同上,4.48
G5-S1-F.wav,G5-S1,5,口袋或远距离,F,手机放在一名演员的外衣口袋里，或放在离说话人 2—3 米外的桌角,4.48
G5-S2-Q.wav,G5-S2,5,安静,Q,安静的教室或会议室；手机平放在说话人中间的桌上，距离约 50 厘米,4.32
G5-S2-N.wav,G5-S2,5,嘈杂教室,N,课间或几组同时录音的教室；手机位置同上,4.32
G5-S2-F.wav,G5-S2,5,口袋或远距离,F,手机放在一名演员的外衣口袋里，或放在离说话人 2—3 米外的桌角,4.32
G5-S3-Q.wav,G5-S3,5,安静,Q,安静的教室或会议室；手机平放在说话人中间的桌上，距离约 50 厘米,4.16
G5-S3-N.wav,G5-S3,5,嘈杂教室,N,课间或几组同时录音的教室；手机位置同上,4.16
G5-S3-F.wav,G5-S3,5,口袋或远距离,F,手机放在一名演员的外衣口袋里，或放在离说话人 2—3 米外的桌角,4.16
G6-S1-Q.wav,G6-S1,6,安静,Q,安静的教室或会议室；手机平放在说话人中间的桌上，距离约 50 厘米,4.43
G6-S1-N.wav,G6-S1,6,嘈杂教室,N,课间或几组同时录音的教室；手机位置同上,4.43
G6-S1-F.wav,G6-S1,6,口袋或远距离,F,手机放在一名演员的外衣口袋里，或放在离说话人 2—3 米外的桌角,4.43
G6-S2-Q.wav,G6-S2,6,安静,Q,安静的教室或会议室；手机平放在说话人中间的桌上，距离约 50 厘米,4.52
G6-S2-N.wav,G6-S2,6,嘈杂教室,N,课间或几组同时录音的教室；手机位置同上,4.52
G6-S2-F.wav,G6-S2,6,口袋或远距离,F,手机放在一名演员的外衣口袋里，或放在离说话人 2—3 米外的桌角,4.52
G6-S3-Q.wav,G6-S3,6,安静,Q,安静的教室或会议室；手机平放在说话人中间的桌上，距离约 50 厘米,4.52
G6-S3-N.wav,G6-S3,6,嘈杂教室,N,课间或几组同时录音的教室；手机位置同上,4.52
G6-S3-F.wav,G6-S3,6,口袋或远距离,F,手机放在一名演员的外衣口袋里，或放在离说话人 2—3 米外的桌角,4.52
G7-S1-Q.wav,G7-S1,7,安静,Q,安静的教室或会议室；手机平放在说话人中间的桌上，距离约 50 厘米,4.33
G7-S1-N.wav,G7-S1,7,嘈杂教室,N,课间或几组同时录音的教室；手机位置同上,4.33
G7-S1-F.wav,G7-S1,7,口袋或远距离,F,手机放在一名演员的外衣口袋里，或放在离说话人 2—3 米外的桌角,4.33
G7-S2-Q.wav,G7-S2,7,安静,Q,安静的教室或会议室；手机平放在说话人中间的桌上，距离约 50 厘米,4.01
G7-S2-N.wav,G7-S2,7,嘈杂教室,N,课间或几组同时录音的教室；手机位置同上,4.01
G7-S2-F.wav,G7-S2,7,口袋或远距离,F,手机放在一名演员的外衣口袋里，或放在离说话人 2—3 米外的桌角,4.01
G7-S3-Q.wav,G7-S3,7,安静,Q,安静的教室或会议室；手机平放在说话人中间的桌上，距离约 50 厘米,3.9
G7-S3-N.wav,G7-S3,7,嘈杂教室,N,课间或几组同时录音的教室；手机位置同上,3.9
G7-S3-F.wav,G7-S3,7,口袋或远距离,F,手机放在一名演员的外衣口袋里，或放在离说话人 2—3 米外的桌角,3.9
G8-S1-Q.wav,G8-S1,8,安静,Q,安静的教室或会议室；手机平放在说话人中间的桌上，距离约 50 厘米,4.47
G8-S1-N.wav,G8-S1,8,嘈杂教室,N,课间或几组同时录音的教室；手机位置同上,4.47
G8-S1-F.wav,G8-S1,8,口袋或远距离,F,手机放在一名演员的外衣口袋里，或放在离说话人 2—3 米外的桌角,4.47
G8-S2-Q.wav,G8-S2,8,安静,Q,安静的教室或会议室；手机平放在说话人中间的桌上，距离约 50 厘米,4.51
G8-S2-N.wav,G8-S2,8,嘈杂教室,N,课间或几组同时录音的教室；手机位置同上,4.51
G8-S2-F.wav,G8-S2,8,口袋或远距离,F,手机放在一名演员的外衣口袋里，或放在离说话人 2—3 米外的桌角,4.51
G8-S3-Q.wav,G8-S3,8,安静,Q,安静的教室或会议室；手机平放在说话人中间的桌上，距离约 50 厘米,4.52
G8-S3-N.wav,G8-S3,8,嘈杂教室,N,课间或几组同时录音的教室；手机位置同上,4.52
G8-S3-F.wav,G8-S3,8,口袋或远距离,F,手机放在一名演员的外衣口袋里，或放在离说话人 2—3 米外的桌角,4.52
