script_id,group,title,setting,roles,focus,n_lines,effective_chars
G1-S1,1,石林路上推特产,上午从昆明开往石林的旅游大巴上，云栖野渡旅行社的周导用车载扩音器介绍行程、推荐鲜花饼和普洱茶，并预告下午返程途中要停暮山特产超市；游客甲和游客乙是结伴报团的老同学。,导游、司机、游客甲、游客乙,导游扩音器长段讲解与游客“嗯”“好”等极短回应、后排小声议论交替出现，穿插修路颠簸、收费站提示音和三到八秒的车内静默，用来测试降噪后端点检测对短语音和长静音的切分。,53,981
G1-S2,1,能不能不下车,午饭后从楚雄开往大理的旅游大巴上，周导讲翡翠手镯怎么挑，并预告要在雾林茶舍停车；游客甲陪母亲游客乙出游，母亲有些晕车，想留在车上休息。,导游、司机、游客甲、游客乙,游客乙是说话少、声音轻的长辈，回应多为一两个字，再加上隧道回声、扩音器开关声和长达十秒的车内静默，用来测试低能量语音和强背景噪声下的端点检测。,49,951
G1-S3,1,返程拒购与送机,行程最后一天上午，旅游大巴从大理返回昆明，周导在车上再次推销雾林茶舍的茶叶和暮山特产超市的土特产，被游客明确拒绝后，转为返程安全提醒和长水机场送机安排；游客甲和游客乙是在团里才认识的两位散客。,导游、司机、游客甲、游客乙,导游在扩音器远讲和放下扩音器近讲之间切换，夹杂游客干脆简短的拒绝、减速带颠簸、车载导航提示音等非台词声音和多次三到八秒的停顿，用来测试不同信噪比下的降噪效果和端点检测。,46,877
G2-S1,2,玉石馆的小房间,丽江青黛玉石馆二楼的贵宾小房间，店员站在房间另一头的展柜后讲解翡翠手镯，三位游客挤坐在门边的沙发上，录音手机在游客甲的外套口袋里。,店员、游客甲、游客乙、游客丙,店员隔着房间长段快速讲解、报价一路往下降，游客贴着口袋里的手机短促耳语，游客乙试戴时走远又走回，考查远场、口袋遮挡和远近交替下的识别。,46,992
G2-S2,2,竹溪茶仓品鉴室,大理竹溪茶仓的品鉴室，店员坐在长茶台另一头边泡茶边推荐，马导站在门口帮腔，录音手机放在两位游客跟前的茶台角上。,店员、导游、游客甲、游客乙,手机在茶台角，店员隔着长茶台边泡边讲、不时转身取茶，导游在门口远处插话，两位游客在手机旁短句耳语，考查不同距离和朝向下的识别。,42,947
G2-S3,2,手工坊里透口气,昆明晓月银坊后面的手工坊，店员在工作台前演示银壶和银饰，经理在屋里来回走动宣传今天特价，屋里人多有点闷，录音手机在游客乙的裤兜里。,店员、经理、游客甲、游客乙,店员在远处工作台边敲边讲，经理边走边说、忽远忽近，母女俩贴着裤兜里的手机耳语，最后边走边说出门，考查口袋录音、移动声源和背景敲击声下的识别。,43,951
G3-S1,3,游船改去体验中心,行程第二天早上八点，大理澄溪假日酒店大堂，青岫远途旅行社的李导召集游客，宣布原定上午的洱海游船取消、改去一个“体验中心”，游客们七嘴八舌地质疑，有人翻出行程单逐条对照。,导游、游客甲、游客乙、游客丙、游客丁,导游先连续宣布一大段，随后四名游客短句抢话、打断、附和，多处标注重叠和几个人同时说；游客甲、游客乙是结伴出游的两位退休老同事，观点一致、常重复对方的话，宜由声线相近的同学扮演，用来测试说话人分离对快速换人和相似声音的区分。,56,925
G3-S2,3,三小时变一小时,行程第三天上午十点，青岫远途旅行社的团刚从城门走进大理古城，李导在城门边的空地上把合同约定的三小时游览压缩成一小时，游客拿出合同要求按约定来，李导打电话给张经理并开了外放。,导游、游客甲、游客乙、游客丙、经理,现场四人轮流抢话，与电话外放里的经理交替出现，经理有一长段连续讲话，游客还凑近手机插话；游客甲、游客乙是结伴报团的两个年轻同事，观点一致、说话方式几乎一样，宜由声线相近的两位同学扮演，用来测试说话人分离对电话声道、相似声音和插话的区分。,51,856
G3-S3,3,酒店换成远山客栈,行程第一天晚上九点多，旅游车停在离大理古城较远的远山客栈门口，游客发现合同上的澄溪假日酒店被换掉，大理和丽江的游览顺序也被调换，游客代表与李导和随后赶来的张经理当面协商。,导游、经理、游客甲、游客乙、游客丙,导游、经理、游客代表三方轮流交涉，游客甲、游客乙是一对说话腔调相近的姐妹，常抢着接话、同时附和；游客代表有一段很长的连续陈述，导游最后念一遍协议，用来测试说话人分离在多方协商、长段与短句交替时的稳定性。,56,992
G4-S1,4,《云上花间》含不含,丽江一家酒店的大堂，行程第三天晚饭后，导游通知晚上的自费演出，游客拿出合同和导游核对条款与价格。,导游、游客甲、游客乙、经理,演出单价、团费、定金、尾款、差价、退款、人数、排数、房间号、时间日期和合同编号密集出现，同一金额与编号换用多种口语读法，并穿插“一分没少”“十分抱歉”等非数字用法，练习数字识别与规范化。,47,993
G4-S2,4,没坐的钱怎么退,大理附近一处湖边景区的出口停车场，下午四点多，部分游客没坐望湖索道或环湖电瓶车，大家围着导游算退款。,导游、游客甲、游客乙、游客丙,团队价与门市价、人数乘单价、多笔相加、算重后重算、百分比手续费、现金点数和时间调整，集中练习口算场景中金额与人数的识别与规范化。,44,981
G4-S3,4,返程车上对账单,行程最后一天下午，从石林返回昆明的大巴上，导游逐项核对一对夫妻的自费账单，游客记下各类号码准备咨询。,导游、游客甲、游客乙、司机,自费单价、合计、预交、九折、带小数的金额、日期、时间、里程，以及导游证号、旅行社电话、合同编号、订单号和热线号码的多种读法（含“幺”“四个零”“两个六两个八”），并夹有“一五一十”“一分不少”等不应转成阿拉伯数字的说法，集中练习号码与金额的规范化。,45,929
G5-S1,5,杨导家的古树茶,从大理开往丽江的旅游大巴上，雾隐行舟旅行社的杨导用车载扩音器推销自家茶叶，一对退休夫妻边尝边比价。,导游、游客甲、游客乙、司机,茶叶品牌与两家旅行社名称在全称、简称、口误之间反复切换并被纠正，夹杂生普、熟普、古树茶和多个云南地名，考察热词识别。,40,985
G5-S2,5,景区门口的服务费,大理一处景区入口外的集合点，地接社导游杨导发门票前要求每人交服务费，几位结伴出游的同事翻出合同质疑。,导游、游客甲、游客乙、游客丙,组团社与地接社两个名称交替出现、被游客说串又改正，叠加行程地名和商品名，考察费用纠纷对话中的热词识别。,37,951
G5-S3,5,饭桌上的三家店,丽江一家餐馆的晚饭桌上，杨导向一对来拍婚纱照的准新人和他们的朋友推荐玉器行、珠宝店和银坊。,导游、游客甲、游客乙、游客丙,三家店名的全称、简称和口误反复出现并被逐字纠正，叠加冰种、糯种、飘花、足银九九九等行话，考察热词识别。,42,915
G6-S1,6,玉器城门口的暗示,第一天上午，昆明锦程玉器城门口，购物时间快结束，导游集合十二名游客，下午原定去石林。,导游、游客甲、游客乙、店员,导游用多种含蓄说法把下午石林的游览和消费挂钩，夹杂店员的正常推销和游客的不同回应，测试分类器区分“威胁消费”与普通“购物安排”“费用”的能力。,41,974
G6-S2,6,车上念合同,第二天上午，从昆明开往大理的旅游中巴上，导游用车载扩音器讲话，车上是同一个五天四晚团。,导游、司机、游客丙、游客丁,施压从团费低、同行对比、住宿调整等角度不断换说法，并与正常的费用说明和合同条款交错出现，测试分类器是否只记住了固定句式。,42,995
G6-S3,6,晚饭前的单独沟通,第三天傍晚，丽江一家餐厅外的小院，晚饭开席前，被大家推为代表的游客乙单独找导游沟通。,导游、游客乙、游客甲,导游一对一施压改用好处交换等新说法，代表复述原话的句子按说话人意图标为“服务态度”，检验分类器能否区分“施压”与“复述施压”。,42,995
G7-S1,7,迟到的二十分钟,昆明临湖酒店门口，早上，半山观澜旅行社一日游约好八点集合去翠湖和滇池，导游迟到二十分钟且没有解释。,导游、游客甲、游客乙、司机,迟到场景中导游先敷衍、后道歉并调整安排，提供抱怨、敷衍、道歉等“服务态度”句，并混有行程变更、正常讲解和其他句，作为 TensorFlow 话术分类（模型 B）与第六组模型对比的测试素材。,42,952
G7-S2,7,别再催我爸了,大理古城的石板街上，下午，半山观澜旅行社的团步行游览，一位七十多岁的游客走得慢，导游一再催促。,导游、游客甲、游客乙、游客丙,反复催促年长游客的场景，提供多种温和的催促说法和替人说话、道歉的句子，并与安全提醒、集合通知等“正常讲解”句对照，测试模型 B 区分催促与正常提醒的能力。,44,883
G7-S3,7,我讲过一遍了,石林景区入口附近的观景平台，上午，半山观澜旅行社的团刚到，一个孩子问石林是怎么形成的，导游起初敷衍应付。,导游、游客甲、游客乙、游客丙,同一景点里先有敷衍回答、后有正常讲解，测试模型 B 能否区分“服务态度”和“正常讲解”这两类内容相近的句子。,38,859
G8-S1,8,石林游览不走散,上午的石林景区，星野云途旅行社的何导带一个散客拼团从入口步行游览，一路讲解路线、景观、安全和集合安排，全程没有任何纠纷。,导游、游客甲、游客乙、游客丙、游客丁,对照组剧本：导游有三句连在一起的长讲解便于测时间戳对齐，“团费”“自费”“购物点”“时间调整”“支持”等词都按正常用法出现，可逐句导出证据片段，统计正常讲解被误标为纠纷的误报率。,37,983
G8-S2,8,海埂大坝看红嘴鸥,冬天上午，星野云途旅行社的何导和司机带一个由几个家庭拼成的小团，从昆明市区坐车到滇池边的海埂大坝看红嘴鸥，全程没有任何纠纷。,导游、司机、游客甲、游客乙、游客丙,对照组剧本：在鸟叫和风声的户外背景下安排导游三句连续长讲解测时间戳对齐，“集合时间调整”“讲解费用包含在团费里”“鸥粮自费”“自由购物”等正常说法用于导出证据片段、统计误报率。,37,992
G8-S3,8,古城漫步洱海骑行,大理，因为下午可能下雨，星野云途旅行社的何导征得游客同意后改为上午洱海边骑行、下午步行游览大理古城，租车点店员协助说明，全程没有任何纠纷。,导游、店员、游客甲、游客乙、游客丙,对照组剧本：集中出现“时间调整”“押金”“自费”“加钱”“自由购物时间”“包含在团费里”等容易触发误报的正常说法，配合骑行安全的三句连续长讲解，用于时间戳对齐、证据片段导出和误报率统计。,35,994
